Flight,Image,PassFail,X1,Y1,X2,Y2,X2,Y2,X3,Y3,X3,Y3,X4,Y4
MASB737,000184.png,0,,,,,,,,,,,,
MASB737,000185.png,1,1288,1,1287,179,1287,358,956,0,974,177,993,355
MASB737,000186.png,1,1284,1,1285,182,1286,363,948,0,969,181,991,362
MASB737,000187.png,1,1287,1,1284,200,1282,399,948,0,967,181,987,363
MASB737,000188.png,1,1300,1,1297,193,1295,386,948,0,969,191,991,383
MASB737,000189.png,1,1312,1,1311,208,1311,416,952,0,973,206,995,412
MASB737,000190.png,1,1334,1,1332,226,1331,452,956,0,979,223,1003,447
MASB737,000191.png,1,1304,1,1304,246,1304,492,903,0,935,246,967,493
MASB737,000192.png,1,1294,1,1291,267,1289,533,861,-2,899,267,938,537
MASB737,000193.png,1,1292,1,1290,293,1289,585,841,-2,880,289,919,580
MASB737,000194.png,1,1251,0,1256,313,1262,627,776,-2,817,316,858,634
MASB737,000195.png,1,1231,0,1241,311,1251,622,19,-3,58,198,98,400
MASB737,000196.png,1,1242,0,1249,308,1256,617,35,0,41,197,47,394
MASB737,000197.png,1,1258,0,1261,312,1265,624,758,-1,812,317,866,636
MASB737,000198.png,1,1263,1,1267,320,1271,640,751,-1,800,323,850,647
MASB737,000199.png,1,1282,14,1286,338,1290,662,751,-1,797,287,844,576
MASB737,000200.png,1,1311,21,1306,362,1302,703,750,-1,803,307,857,615
MASB737,000201.png,1,1334,35,1326,388,1318,742,754,-1,806,325,859,651
MASB737,000202.png,1,1307,45,1303,406,1299,768,708,-1,761,318,815,638
MASB737,000203.png,1,1297,50,1299,416,1301,783,688,0,744,327,801,654
MASB737,000204.png,1,1317,68,1311,446,1305,824,688,0,742,319,797,638
MASB737,000205.png,1,1318,60,1310,433,1303,806,689,0,741,294,794,589
MASB737,000206.png,1,1311,35,1308,417,1306,799,688,0,740,294,792,588
MASB737,000207.png,1,1312,49,1307,434,1303,820,690,0,740,308,791,616
MASB737,000208.png,1,1321,119,1311,461,1301,803,689,-1,742,303,796,607
MASB737,000209.png,1,1316,184,1307,496,1299,808,681,0,738,320,795,641
MASB737,000210.png,1,1288,137,1287,484,1287,831,636,0,692,324,749,648
MASB737,000211.png,1,1255,152,1254,499,1253,847,595,1,648,279,701,558
MASB737,000212.png,1,1256,84,1255,465,1255,846,609,0,664,328,720,656
MASB737,000213.png,1,1248,95,1254,457,1260,819,605,0,666,309,727,619
MASB737,000214.png,1,1257,97,1262,462,1268,828,610,0,668,321,726,643
MASB737,000215.png,1,1284,89,1285,473,1286,857,620,0,673,300,727,601
MASB737,000216.png,1,1270,120,1269,498,1269,877,596,78,642,330,689,583
MASB737,000217.png,2,598,1,659,308,720,615,,,,,,
MASB737,000218.png,1,1283,67,1288,478,1293,890,611,51,674,380,737,710
MASB737,000219.png,1,1299,124,1297,527,1296,931,599,0,661,317,723,635
MASB737,000220.png,1,1309,173,1302,551,1296,929,588,0,646,325,705,651
MASB737,000221.png,1,1308,144,1305,537,1302,931,586,1,664,383,743,766
MASB737,000222.png,1,1307,154,1304,540,1302,927,590,0,650,329,710,658
MASB737,000223.png,1,1312,191,1303,561,1295,931,587,1,646,325,705,650
MASB737,000224.png,1,1307,135,1304,533,1301,931,588,0,645,320,702,641
MASB737,000225.png,1,1311,127,1302,525,1293,924,580,1,638,315,696,629
MASB737,000226.png,1,1312,123,1302,527,1292,932,582,2,633,281,684,561
MASB737,000227.png,2,585,0,644,316,703,632,,,,,,
MASB737,000228.png,1,1316,129,1308,523,1300,917,582,2,646,330,710,658
MASB737,000229.png,2,585,0,640,304,696,608,,,,,,
MASB737,000230.png,1,1901,166,1864,429,1827,692,589,0,645,318,702,637
MASB737,000231.png,1,1325,148,1310,542,1295,936,1956,112,1848,483,1741,855
MASB737,000232.png,1,1330,154,1308,572,1287,991,1952,22,1858,460,1764,898
MASB737,000233.png,1,1332,168,1309,579,1286,991,1951,7,1859,452,1768,897
MASB737,000234.png,1,1953,8,1865,417,1777,827,596,-2,648,323,701,649
MASB737,000235.png,1,1315,156,1305,573,1295,991,1940,5,1852,454,1765,904
MASB737,000236.png,1,1319,197,1304,594,1290,991,1951,8,1861,433,1772,858
MASB737,000237.png,1,1316,179,1305,585,1294,991,1943,6,1856,452,1770,899
MASB737,000238.png,1,-51,175,67,623,185,1072,1948,8,1849,455,1751,903
MASB737,000239.png,1,1315,153,1303,570,1292,988,1953,10,1854,452,1756,895
MASB737,000240.png,1,1316,156,1303,572,1291,988,1951,8,1870,395,1790,783
MASB737,000241.png,1,1933,3,1854,454,1775,906,592,-1,646,319,701,639
MASB737,000242.png,1,1941,6,1850,449,1759,893,595,-1,649,322,704,646
ANAB787,000187.png,2,1547,0,1514,173,1482,347,,,,,,
ANAB787,000188.png,2,1552,1,1505,245,1459,489,,,,,,
ANAB787,000189.png,1,1554,0,1509,247,1464,495,1035,0,1041,184,1047,369
ANAB787,000190.png,1,1552,0,1515,271,1479,543,1008,0,1016,205,1025,411
ANAB787,000191.png,1,1561,0,1510,303,1460,607,982,0,997,225,1012,451
ANAB787,000192.png,1,1569,2,1509,298,1449,595,979,0,988,234,998,469
ANAB787,000193.png,1,1569,42,1522,296,1476,551,973,0,984,250,995,501
ANAB787,000194.png,1,1594,0,1537,344,1480,688,967,0,979,272,992,544
ANAB787,000195.png,1,1621,2,1563,326,1505,650,958,0,970,302,983,604
ANAB787,000196.png,1,1645,0,1569,409,1494,818,1271,3,1289,215,1308,428
ANAB787,000197.png,1,1603,-3,1561,490,1520,984,948,0,962,329,977,658
ANAB787,000198.png,1,1644,1,1560,416,1477,832,927,0,943,332,959,664
ANAB787,000199.png,1,1639,0,1568,387,1498,775,894,0,915,351,937,702
ANAB787,000200.png,1,1614,4,1534,402,1454,801,793,0,829,370,866,741
ANAB787,000201.png,1,1584,2,1499,461,1415,921,741,0,787,384,833,769
ANAB787,000202.png,1,1576,0,1504,457,1433,915,723,1,774,393,825,786
ANAB787,000203.png,1,1588,1,1517,436,1446,871,720,0,763,399,807,798
ANAB787,000204.png,1,1608,3,1522,464,1436,925,701,0,754,407,807,815
ANAB787,000205.png,1,1621,-1,1549,412,1477,826,697,0,755,418,813,836
ANAB787,000206.png,1,1616,6,1539,463,1463,921,696,0,751,415,806,830
ANAB787,000207.png,1,1643,3,1553,460,1463,918,696,-1,744,386,792,773
ANAB787,000208.png,1,1671,2,1602,428,1534,854,689,0,738,399,788,798
ANAB787,000209.png,1,1678,6,1590,459,1503,912,688,4,732,386,777,768
ANAB787,000210.png,1,1673,7,1614,389,1556,772,691,0,737,396,783,792
ANAB787,000211.png,1,1684,-2,1594,459,1505,920,693,3,740,395,788,787
ANAB787,000212.png,1,1628,0,1561,418,1494,836,690,1,738,373,787,746
ANAB787,000213.png,1,1645,1,1555,461,1465,922,700,0,748,429,797,859
ANAB787,000214.png,1,1639,4,1556,465,1474,927,687,0,742,430,798,861
ANAB787,000215.png,1,1636,3,1552,462,1469,921,683,0,739,407,796,815
ANAB787,000216.png,1,1645,4,1574,462,1504,920,695,0,755,437,816,875
ANAB787,000217.png,1,1670,5,1612,384,1554,764,712,0,768,451,825,902
ANAB787,000218.png,1,1677,7,1609,432,1542,857,706,0,753,405,801,810
ANAB787,000219.png,1,1680,10,1593,465,1506,921,695,-1,742,407,789,816
ANAB787,000220.png,1,1670,2,1614,390,1559,778,692,0,757,472,822,945
ANAB787,000221.png,1,1687,-3,1605,466,1523,935,689,0,754,528,819,1057
ANAB787,000222.png,1,1683,-3,1627,396,1571,796,690,0,741,415,792,830
ANAB787,000223.png,1,1695,-1,1619,434,1544,870,684,4,740,420,796,836
ANAB787,000224.png,1,1688,-3,1620,406,1553,815,687,5,751,467,816,930
ANAB787,000225.png,1,1699,-2,1631,387,1563,777,684,0,757,528,831,1057
ANAB787,000226.png,1,1680,-3,1623,428,1566,860,689,0,741,416,794,833
ANAB787,000227.png,1,1686,-3,1618,435,1550,874,692,-1,736,400,781,802
ANAB787,000228.png,1,1684,-3,1626,430,1568,863,691,-1,740,416,789,834
ANAB787,000229.png,1,1681,-3,1624,425,1568,853,690,0,736,399,782,799
B787,000125.png,0,,,,,,,,,,,,
B787,000126.png,0,,,,,,,,,,,,
B787,000127.png,0,,,,,,,,,,,,
B787,000128.png,0,,,,,,,,,,,,
B787,000129.png,2,1376,0,1365,170,1355,341,,,,,,
B787,000130.png,2,1323,0,1313,173,1304,346,,,,,,
B787,000131.png,1,1806,1,1756,209,1707,418,1255,1,1248,187,1242,374
B787,000132.png,1,1759,0,1717,205,1675,410,1187,1,1185,200,1183,400
B787,000133.png,1,1711,24,1675,224,1640,425,1113,1,1113,214,1113,428
B787,000134.png,1,1664,0,1627,223,1591,446,1028,0,1035,223,1043,447
B787,000135.png,1,1610,-1,1572,235,1535,471,943,0,958,235,974,470
B787,000136.png,1,1592,0,1557,225,1523,451,916,0,932,233,948,467
B787,000137.png,1,1500,0,1473,222,1446,444,823,0,849,236,875,473
B787,000138.png,1,1507,0,1475,229,1444,459,828,0,853,237,879,474
B787,000139.png,1,1510,21,1474,245,1439,470,828,0,854,240,881,481
B787,000140.png,1,1500,0,1473,239,1447,478,828,0,856,246,884,492
B787,000141.png,1,1505,0,1469,254,1433,508,808,2,828,220,849,438
B787,000142.png,1,1508,0,1470,270,1433,541,781,-1,806,254,832,510
B787,000143.png,1,1512,0,1475,311,1439,623,740,-1,781,310,822,622
B787,000144.png,1,1519,0,1477,322,1435,644,729,-1,771,320,813,642
B787,000145.png,1,1525,0,1478,332,1432,665,723,0,775,331,828,662
B787,000146.png,1,1551,0,1495,354,1439,709,718,-1,765,352,813,706
B787,000147.png,1,1584,1,1519,382,1454,763,699,0,754,388,809,776
B787,000148.png,1,1637,4,1583,360,1529,716,687,0,740,400,794,801
B787,000149.png,1,1578,0,1508,410,1439,820,643,0,700,385,758,771
B787,000150.png,1,1573,0,1504,410,1436,820,625,0,693,426,761,853
B787,000151.png,1,1589,1,1514,421,1440,842,618,0,673,379,729,759
B787,000152.png,1,1611,8,1528,442,1446,877,599,0,650,369,702,739
B787,000153.png,1,1622,2,1537,445,1453,888,598,0,686,516,775,1032
B787,000154.png,1,1625,3,1537,439,1450,876,604,0,683,458,763,916
B787,000155.png,1,1620,19,1534,446,1448,874,612,-1,683,461,754,924
B787,000156.png,1,1609,2,1531,437,1454,873,597,0,678,456,760,912
B787,000157.png,1,1639,5,1581,405,1524,805,612,0,662,378,713,756
B787,000158.png,1,1658,2,1562,463,1466,925,613,-1,666,383,719,768
B787,000159.png,1,1654,2,1564,455,1475,909,606,0,693,509,780,1019
B787,000160.png,1,1641,2,1552,464,1464,926,609,-1,660,374,712,750
B787,000161.png,1,1622,0,1546,441,1470,883,608,-1,659,375,710,752
B787,000162.png,1,1610,2,1526,435,1443,869,598,0,671,446,744,893
B787,000163.png,1,1601,1,1524,436,1448,871,603,0,676,447,750,895
B787,000164.png,1,1597,3,1520,434,1444,865,595,0,675,453,755,906
B787,000165.png,1,1634,2,1550,447,1466,892,624,-2,702,509,781,1020
B787,000166.png,1,1700,1,1621,420,1542,839,638,0,708,449,779,898
B787,000167.png,1,1677,25,1587,473,1497,921,624,0,702,496,781,992
B787,000168.png,1,1706,2,1615,440,1524,878,629,0,708,472,787,945
B787,000169.png,1,1694,1,1605,458,1517,916,632,-1,683,386,735,774
B787,000170.png,1,1706,5,1599,458,1492,911,605,1,705,507,806,1014
B787,000171.png,1,1738,4,1637,454,1536,905,624,0,715,515,807,1031
B787,000172.png,1,1711,0,1651,376,1592,753,620,0,708,504,796,1009
B787,000173.png,1,1724,2,1623,461,1522,921,615,0,715,521,816,1042
B787,000174.png,1,1719,2,1619,461,1520,921,629,-1,720,524,812,1049
B787,000175.png,1,1735,5,1617,492,1499,979,613,1,716,530,819,1060
B787,000176.png,1,1718,2,1622,457,1527,913,632,-2,721,529,811,1061
B787,000177.png,1,1732,4,1627,460,1523,916,627,-1,719,530,812,1062
A320,000156.png,1,1358,0,1341,319,1325,638,824,0,852,325,881,651
A320,000157.png,1,822,0,853,344,884,689,41,1,59,172,78,344
A320,000158.png,1,1369,0,1348,335,1328,670,811,0,845,344,880,688
A320,000159.png,1,1375,2,1353,336,1331,671,819,2,850,344,882,686
A320,000160.png,1,1383,0,1359,335,1335,671,824,0,853,343,883,687
A320,000161.png,1,1382,0,1356,336,1331,672,818,0,850,344,882,689
A320,000162.png,1,1391,0,1367,348,1343,697,821,0,845,355,870,710
A320,000163.png,1,1406,2,1377,365,1349,728,813,0,845,369,877,739
A320,000164.png,1,1428,0,1395,379,1362,759,812,0,844,388,876,776
A320,000165.png,1,1409,0,1376,390,1343,780,800,-1,821,415,842,832
A320,000166.png,1,1410,0,1377,407,1344,815,755,0,786,360,818,721
A320,000167.png,1,1424,0,1389,407,1355,815,756,0,784,361,812,723
A320,000168.png,1,1427,0,1388,416,1350,833,747,0,782,371,818,742
A320,000169.png,1,1419,0,1384,410,1350,821,60,-6,102,337,144,681
A320,000170.png,1,1446,0,1404,436,1363,872,38,-3,78,288,118,579
A320,000171.png,1,35,174,86,452,138,730,1458,0,1412,441,1367,883
A320,000172.png,1,67,166,99,437,132,708,1452,0,1408,443,1364,886
A320,000173.png,1,48,169,91,442,135,716,52,194,85,405,119,617
A320,000174.png,1,1452,0,1407,442,1363,884,735,0,765,369,795,738
A320,000175.png,1,1464,0,1416,451,1368,903,32,-2,79,364,127,730
A320,000176.png,1,38,174,76,451,115,729,1462,0,1412,462,1362,925
A320,000177.png,1,1458,0,1409,464,1360,928,10,0,63,367,117,735
A320,000178.png,1,1458,0,1410,462,1362,925,718,0,750,389,782,778
A320,000179.png,1,30,43,69,394,109,745,1465,0,1416,460,1368,920
A320,000180.png,1,20,193,106,630,192,1068,1471,0,1423,456,1375,913
A320,000181.png,1,43,177,101,543,160,910,1473,1,1421,463,1370,925
A320,000182.png,1,59,171,105,546,151,922,1480,2,1416,492,1352,982
A320,000183.png,1,1470,0,1420,464,1370,928,711,0,744,400,777,800
A320,000184.png,1,1471,1,1421,464,1371,927,710,0,743,391,777,782
A320,000185.png,1,1469,1,1420,464,1371,927,709,0,743,407,777,814
A320,000186.png,1,1467,0,1423,459,1380,919,709,0,746,410,784,821
ScootB787PBB,000164-2.png,1,1899,-2,1834,233,1769,469,1410,0,1387,192,1364,385
ScootB787PBB,000165.png,1,1843,3,1790,229,1738,455,1307,0,1304,197,1301,395
ScootB787PBB,000166.png,1,1790,2,1728,254,1667,506,1219,0,1213,204,1208,408
ScootB787PBB,000167.png,1,1763,-4,1707,244,1651,493,1182,1,1180,207,1179,413
ScootB787PBB,000168-2.png,1,1739,-5,1690,241,1642,487,1155,1,1155,205,1155,410
ScootB787PBB,000169.png,1,1743,-6,1681,242,1619,491,1147,1,1147,211,1147,421
ScootB787PBB,000170.png,1,1738,-4,1679,255,1620,514,1123,1,1123,217,1123,434
ScootB787PBB,000171.png,1,1731,-4,1679,256,1627,517,1109,1,1111,220,1113,439
ScootB787PBB,000172-2.png,1,1733,-4,1679,252,1625,508,1106,0,1110,220,1115,441
ScootB787PBB,000173.png,1,1737,-4,1682,265,1627,534,1090,0,1095,230,1101,460
ScootB787PBB,000174.png,1,1740,-2,1686,263,1632,528,1056,0,1064,250,1073,500
ScootB787PBB,000175.png,1,1756,-3,1677,324,1598,652,1007,0,1017,258,1027,517
ScootB787PBB,000176-2.png,1,1765,-1,1685,328,1605,658,955,0,971,303,988,607
ScootB787PBB,000177.png,1,1773,0,1691,342,1609,684,929,-1,948,294,967,590
ScootB787PBB,000178.png,1,1791,0,1699,349,1607,698,925,-1,944,300,964,601
ScootB787PBB,000179.png,1,1773,2,1704,319,1636,637,921,-1,942,309,964,619
ScootB787PBB,000180-2.png,1,1762,-1,1683,347,1605,695,915,-1,939,309,963,620
ScootB787PBB,000181.png,1,1765,4,1681,355,1597,706,920,-1,943,329,966,660
ScootB787PBB,000182.png,1,1817,6,1722,370,1627,734,973,0,989,339,1006,679
ScootB787PBB,000183-2.png,1,1821,0,1728,372,1635,744,983,0,999,344,1016,689
ScootB787PBB,000184.png,1,1820,0,1721,376,1622,753,987,0,1001,315,1015,631
ScootB787PBB,000185.png,1,1827,8,1728,381,1630,754,990,0,1007,351,1024,703
ScootB787PBB,000186-2.png,1,1817,1,1738,346,1660,691,992,0,1013,353,1035,707
ScootB787PBB,000187.png,1,1811,4,1733,357,1656,710,994,0,1012,359,1030,718
ScootB787PBB,000188.png,1,1807,4,1726,371,1646,738,997,0,1017,363,1038,727
ScootB787PBB,000189-2.png,1,1823,0,1725,385,1628,770,1002,0,1018,352,1034,704
ScootB787PBB,000190.png,1,1824,26,1728,378,1633,730,1004,0,1023,370,1043,741
ScootB787PBB,000191.png,1,1816,4,1731,371,1646,739,1007,0,1027,374,1047,748
ScootB787PBB,000192.png,1,1802,-3,1725,369,1649,741,1013,0,1027,378,1041,757
ScootB787PBB,000193.png,1,1822,2,1730,377,1638,753,1016,0,1031,382,1046,765
ScootB787PBB,000194.png,1,1786,-1,1714,389,1643,780,1018,0,1034,384,1050,769
ScootB787PBB,000195.png,1,1822,9,1708,408,1595,808,992,0,1007,388,1022,777
ScootB787PBB,000196.png,1,1773,14,1681,418,1589,822,940,0,962,425,985,851
ScootB787PBB,000197.png,1,1770,16,1682,333,1595,650,874,0,907,403,940,807
ScootB787PBB,000198.png,1,1724,0,1636,412,1549,824,821,-1,863,423,905,847
ScootB787PBB,000199.png,1,1668,1,1622,341,1577,681,754,4,813,453,873,903
ScootB787PBB,000200.png,1,1638,2,1599,338,1560,674,702,0,763,427,825,855
ScootB787PBB,000201.png,1,1657,6,1578,442,1500,878,717,4,776,426,835,849
ScootB787PBB,000202.png,1,1655,4,1580,428,1505,852,713,-1,783,510,854,1022
ScootB787PBB,000203.png,1,1657,5,1576,438,1495,872,704,-1,768,438,832,878
ScootB787PBB,000204.png,1,1629,3,1582,338,1536,673,679,-1,753,520,827,1042
ScootB787PBB,000205.png,1,1623,2,1580,356,1537,711,677,0,745,458,813,917
ScootB787PBB,000206.png,1,1646,6,1566,439,1486,872,678,-1,743,430,809,862
ScootB787PBB,000207.png,1,1595,0,1550,362,1505,725,638,-1,693,374,748,750
ScootB787PBB,000208.png,1,1619,6,1532,456,1446,906,604,-1,664,380,724,762
ScootB787PBB,000209.png,1,1584,0,1512,461,1441,922,611,4,669,388,728,772
ScootB787PBB,000210.png,1,1577,0,1534,379,1491,759,615,0,675,386,735,772
ScootB787PBB,000211.png,1,1599,-1,1546,395,1494,792,622,-1,682,401,743,803
ScootB787PBB,000212.png,1,1647,34,1594,381,1541,728,672,0,722,399,773,798
ScootB787PBB,000213.png,1,1653,6,1591,388,1530,770,667,-1,717,393,767,787
ScootB787PBB,000214.png,1,1542,1,1548,346,1554,691,663,-1,716,391,770,783
ScootB787PBB,000215.png,1,1579,-3,1554,474,1530,951,667,-1,720,396,773,794
ScootB787PBB,000216.png,1,1669,6,1621,365,1573,725,693,-1,763,527,834,1055
ScootB787PBB,000217.png,1,1663,3,1597,491,1531,980,682,0,738,419,794,838
ScootB787PBB,000218.png,1,1655,6,1606,382,1557,758,667,0,720,399,773,798
ScootB787PBB,000219.png,1,1648,1,1595,455,1542,909,665,-1,719,402,774,806
ScootB787PBB,000220.png,1,1664,-1,1585,456,1506,913,668,-1,722,403,777,808
ScootB787PBB,000221.png,1,1660,-1,1588,487,1517,976,658,-1,716,420,775,842
ScootB787PBB,000222.png,1,1657,-4,1588,487,1520,978,659,-1,713,408,767,817
ScootB787PBB,000223.png,1,1655,-4,1593,451,1531,907,657,-1,712,409,767,820
ScootB787PBB,000224.png,1,1659,73,1587,510,1516,948,655,-1,736,529,817,1059
ScootB787PBB,000225.png,1,1649,-4,1598,432,1547,868,658,-1,713,409,769,820
ScootB787PBB,000226.png,1,1661,5,1583,462,1505,919,658,0,715,414,772,828
ScootB787PBB,000227-2.png,1,1941,5,1868,366,1796,727,1668,6,1583,463,1499,921
ScootB787PBB,000228.png,1,1655,-4,1584,515,1513,1034,659,-1,714,413,770,828
ScootB787,000165.png,1,187,90,229,273,272,457,1571,1,1524,280,1477,559
ScootB787,000166.png,1,1495,3,1458,293,1422,584,95,3,124,269,153,535
ScootB787,000167.png,1,1897,42,1848,379,1799,717,12,4,55,275,98,547
ScootB787,000168.png,1,1847,47,1827,282,1808,518,1341,0,1316,319,1292,639
ScootB787,000169.png,1,1240,0,1226,333,1213,667,56,-5,87,192,119,390
ScootB787,000170.png,1,1806,36,1729,346,1652,657,1142,1,1144,347,1146,694
ScootB787,000171.png,1,1768,5,1688,342,1609,679,1042,0,1052,360,1063,720
ScootB787,000172.png,1,961,0,978,367,995,734,55,26,127,246,199,466
ScootB787,000173.png,1,1730,4,1653,349,1577,695,978,0,993,368,1009,736
ScootB787,000174.png,1,1713,0,1667,291,1622,583,979,0,994,367,1009,735
ScootB787,000175.png,1,1712,4,1638,352,1565,701,943,0,966,372,989,744
ScootB787,000176.png,1,893,0,920,381,948,763,29,15,82,255,135,495
ScootB787,000177.png,1,1714,3,1637,376,1561,750,902,0,927,392,953,784
ScootB787,000178.png,1,1691,1,1619,383,1548,765,846,-1,881,400,916,801
ScootB787,000179.png,1,1690,0,1636,334,1582,669,822,-1,860,412,899,826
ScootB787,000180.png,1,1700,6,1618,413,1536,820,795,0,838,424,882,848
ScootB787,000181.png,1,1742,3,1676,375,1610,747,828,0,865,423,902,846
ScootB787,000182.png,1,1743,43,1655,437,1567,832,815,0,854,423,893,846
ScootB787,000183.png,1,1727,2,1673,359,1619,717,820,0,859,422,898,845
ScootB787,000184.png,1,1740,3,1678,358,1617,713,822,-1,860,425,899,851
ScootB787,000185.png,1,1670,29,1636,348,1603,668,786,-1,833,436,881,874
ScootB787,000186.png,1,1653,-5,1612,396,1572,798,756,0,810,442,864,884
ScootB787,000187.png,1,1625,10,1599,429,1573,848,743,-1,798,440,853,882
ScootB787,000188.png,1,1688,0,1636,352,1585,704,783,-1,827,422,872,846
ScootB787,000189.png,1,1714,3,1644,385,1575,768,797,-1,839,422,881,845
ScootB787,000190.png,1,1705,3,1646,352,1588,701,791,-1,834,423,878,847
ScootB787,000191.png,1,1624,27,1612,409,1601,792,759,-1,809,439,859,880
ScootB787,000192.png,1,1651,52,1600,532,1550,1013,738,-1,791,436,845,873
ScootB787,000193.png,1,1641,-2,1618,390,1596,783,731,-1,790,451,850,903
ScootB787,000194.png,1,1712,45,1663,372,1614,700,715,-4,770,456,825,916
ScootB787,000195.png,1,1693,13,1606,538,1520,1064,718,-1,778,452,838,905
ScootB787,000196.png,1,1702,5,1616,529,1530,1053,719,-1,780,459,841,920
ScootB787,000197.png,1,1698,24,1607,547,1516,1070,719,-1,779,457,840,915
ScootB787,000198.png,1,1663,-4,1607,525,1551,1055,725,-1,784,456,843,913
ScootB787,000199.png,1,1719,1,1620,536,1522,1071,729,4,795,513,861,1022
ScootB787,000200.png,1,1721,2,1629,457,1538,912,717,-1,775,459,834,919
ScootB787,000201.png,1,1666,-4,1614,454,1562,912,718,5,778,452,838,899
ScootB787,000202.png,1,1727,57,1614,546,1502,1035,722,-1,773,426,824,854
ScootB787,000203.png,1,1699,0,1651,335,1604,671,700,-5,772,470,844,945
ScootB787,000204.png,1,1659,-1,1622,425,1585,851,717,-1,785,513,854,1028
ScootB787,000205.png,1,1725,5,1642,399,1560,793,711,-1,765,442,820,885
ScootB787,000206.png,1,1716,3,1609,501,1503,999,709,-1,771,456,834,913
ScootB787,000207.png,1,1717,14,1624,465,1531,916,714,0,766,440,819,880
ScootB787,000208.png,1,1716,6,1610,507,1504,1008,712,0,776,514,840,1029
ScootB787,000209.png,1,1726,5,1610,521,1495,1037,710,-1,755,385,800,772
ScootB787,000210.png,1,1682,-7,1622,481,1562,969,710,-1,770,446,830,894
ScootB787,000211.png,1,1741,7,1634,480,1527,954,706,0,774,474,842,948
SQB772,000125-1.png,1,1933,83,1871,386,1810,690,1494,0,1453,265,1412,530
SQB772,000126-1.png,1,1888,57,1831,301,1774,545,1431,-1,1399,271,1368,544
SQB772,000127.png,1,1856,19,1810,250,1764,481,1366,0,1335,281,1305,562
SQB772,000128.png,1,1819,2,1767,249,1715,496,1281,0,1262,286,1243,573
SQB772,000129-1.png,1,1757,53,1701,320,1645,588,1189,0,1181,296,1173,593
SQB772,000130.png,1,1719,2,1676,240,1633,478,1103,1,1102,278,1102,555
SQB772,000131.png,1,1664,1,1610,284,1557,568,1007,0,1013,317,1020,635
SQB772,000132-1.png,1,1605,0,1554,322,1504,645,925,0,940,326,955,652
SQB772,000133.png,1,1565,0,1519,327,1473,654,865,0,885,331,905,663
SQB772,000134-1.png,1,1529,1,1483,333,1437,666,785,2,830,341,876,681
SQB772,000135.png,1,1475,14,1435,346,1395,678,733,0,772,346,811,692
SQB772,000136-1.png,1,1427,0,1390,346,1354,693,670,0,715,351,761,703
SQB772,000137.png,1,1449,0,1410,346,1371,692,690,0,737,351,785,703
SQB772,000138-1.png,1,1438,0,1399,346,1361,692,678,0,725,347,772,694
SQB772,000139.png,1,1440,1,1397,346,1355,691,675,0,719,352,763,705
SQB772,000140.png,1,1439,0,1399,340,1359,680,678,0,722,349,767,698
SQB772,000141.png,1,1441,0,1400,338,1359,677,676,0,725,350,775,701
SQB772,000142.png,1,1434,0,1395,344,1356,688,672,0,721,352,771,705
SQB772,000143.png,1,1442,0,1398,340,1355,680,676,0,719,353,762,706
SQB772,000144.png,1,1442,15,1396,354,1351,694,673,0,724,352,776,704
SQB772,000145.png,1,1442,0,1400,343,1358,687,677,0,724,351,772,702
SQB772,000146.png,1,1446,1,1399,340,1353,680,674,0,720,354,767,709
SQB772,000147.png,1,1461,1,1411,360,1361,719,660,0,709,366,759,733
SQB772,000148-1.png,1,1432,0,1414,202,1397,404,645,0,697,361,750,722
SQB772,000149.png,1,1451,1,1401,362,1351,724,653,0,704,368,755,736
SQB772,000150.png,1,1455,1,1407,359,1360,717,629,4,698,368,768,732
SQB772,000151.png,1,1455,1,1405,362,1355,724,647,0,705,371,763,742
SQB772,000152.png,2,1438,1,1396,373,1355,745,,,,,,
SQB772,000153.png,1,1521,122,1479,398,1438,674,641,1,709,410,777,819
SQB772,000154.png,1,1568,2,1499,409,1431,816,657,0,699,347,742,695
SQB772,000155.png,1,1658,4,1587,366,1517,729,680,0,749,443,819,887
SQB772,000156.png,1,711,47,756,415,802,783,1698,20,1624,383,1550,747
SQB772,000157.png,1,711,21,750,400,790,779,1679,6,1610,402,1541,798
SQB772,000158-1.png,1,1704,60,1636,405,1569,751,714,46,781,495,848,945
SQB772,000159.png,1,1680,71,1618,405,1557,739,693,2,767,473,841,945
SQB772,000160.png,1,1718,8,1634,390,1551,772,694,1,768,470,842,940
SQB772,000161.png,1,1688,37,1629,348,1570,660,700,1,769,455,838,910
SQB772,000162.png,1,1688,7,1611,369,1535,732,707,0,749,370,792,741
SQB772,000163.png,1,1677,6,1595,389,1514,773,706,0,748,358,791,717
SQB772,000164.png,1,1698,2,1627,381,1557,760,711,0,757,400,803,800
SQB772,000165.png,1,1690,5,1620,347,1551,689,709,-1,747,385,785,771
SQB772,000166.png,1,1723,6,1641,384,1559,762,702,0,749,393,797,786
SQB772,000167.png,1,689,41,762,490,835,939,1679,-1,1636,346,1593,694
SQB772,000168-1.png,1,1719,6,1635,432,1552,858,685,1,766,514,847,1028
SQB772,000169.png,1,1674,2,1608,362,1542,722,702,0,767,445,833,890
SQB772,000170.png,1,1630,3,1565,361,1501,720,706,0,765,430,825,860
SQB772,000171.png,1,1640,4,1570,366,1500,729,727,0,769,403,812,806
SQB772,000172.png,1,1649,4,1577,362,1506,720,727,0,784,427,842,854
SQB772,000173.png,1,1651,8,1562,418,1474,828,711,0,768,428,826,857
SQB772,000174.png,1,696,72,736,402,776,733,1651,4,1580,370,1509,737
SQB772,000175.png,1,1650,2,1583,375,1517,749,683,0,730,373,777,747
SQB772,000176.png,1,1681,21,1576,449,1471,878,699,0,745,403,791,806
SQB772,000177.png,1,1661,4,1592,387,1523,770,696,0,739,364,782,729
SQB772,000178-1.png,1,1681,0,1618,384,1556,768,688,0,737,413,787,827
SQB772,000179.png,1,676,88,723,454,771,821,1650,17,1607,353,1565,689
SQB772,000180.png,1,1684,0,1616,384,1548,768,664,3,747,474,830,946
SQB772,000181.png,1,689,24,737,417,785,811,1678,5,1629,349,1580,694
SQB772,000182.png,1,671,15,745,467,819,920,1682,2,1621,358,1560,714
SQB772,000183.png,1,690,57,734,415,778,773,1686,1,1621,366,1557,731
SQB772,000184.png,1,1700,18,1600,463,1500,908,669,3,747,472,825,941
SQB772,000185.png,1,1949,175,1870,443,1791,712,672,12,750,479,828,946
SQB772,000186.png,1,1954,12,1854,431,1754,850,667,3,755,529,843,1055
SQB772,000187.png,1,1944,8,1855,431,1767,855,683,1,732,393,781,785
SQB772,000188.png,1,1959,12,1854,428,1750,845,1678,1,1607,405,1536,809
SQB772Rain,000141.png,1,1952,113,1832,505,1712,897,1509,0,1468,267,1428,535
SQB772Rain,000142.png,1,1942,83,1859,391,1776,700,1448,0,1410,275,1372,550
SQB772Rain,000143.png,2,1385,-1,1354,277,1324,556,,,,,,
SQB772Rain,000144.png,1,1832,60,1780,304,1729,549,1324,0,1302,281,1281,563
SQB772Rain,000145.png,1,1791,53,1756,241,1722,429,1256,0,1239,291,1223,582
SQB772Rain,000146.png,1,1757,18,1697,301,1638,585,1171,0,1164,308,1158,617
SQB772Rain,000147.png,1,1699,44,1666,245,1633,447,1079,1,1079,319,1079,637
SQB772Rain,000148.png,1,1651,0,1602,311,1553,623,980,0,990,329,1001,658
SQB772Rain,000149.png,1,1573,0,1549,318,1526,637,880,0,898,316,917,632
SQB772Rain,000150.png,1,44,178,73,338,102,498,888,0,908,338,929,677
SQB772Rain,000151.png,1,1632,5,1572,330,1512,656,896,0,912,320,929,641
SQB772Rain,000152.png,1,1588,92,1537,369,1486,647,879,0,902,340,925,680
SQB772Rain,000153.png,1,43,162,64,335,85,508,869,0,891,339,914,679
SQB772Rain,000154.png,2,872,157,892,418,912,680,,,,,,
SQB772Rain,000155.png,2,857,0,886,340,915,680,,,,,,
SQB772Rain,000156.png,2,861,0,882,340,904,681,,,,,,
SQB772Rain,000157.png,1,29,188,69,346,109,504,860,63,883,375,907,687
SQB772Rain,000158.png,1,1602,4,1528,341,1454,679,834,0,861,359,889,718
SQB772Rain,000159.png,1,1598,2,1535,342,1473,682,822,0,853,362,885,725
SQB772Rain,000160.png,1,835,69,860,398,885,728,1592,0,1538,340,1484,681
SQB772Rain,000161.png,1,821,95,849,413,877,731,1607,65,1541,339,1475,613
SQB772Rain,000162.png,1,1611,1,1562,293,1514,586,809,0,842,380,875,760
SQB772Rain,000163.png,1,1649,1,1584,345,1519,690,775,0,822,412,869,824
SQB772Rain,000164.png,1,1659,5,1583,342,1508,679,740,0,791,414,843,828
SQB772Rain,000165.png,1,1707,6,1624,380,1542,755,730,1,781,404,833,808
SQB772Rain,000166.png,1,1730,6,1656,364,1582,722,717,0,773,421,830,842
SQB772Rain,000167.png,1,1720,7,1639,380,1559,753,694,0,749,401,805,803
SQB772Rain,000168.png,1,1738,7,1652,376,1567,745,697,0,757,413,817,826
SQB772Rain,000169.png,1,1720,6,1639,382,1558,759,697,1,770,472,844,944
SQB772Rain,000170.png,1,1719,8,1642,358,1565,709,699,0,770,467,842,935
SQB772Rain,000171.png,1,1724,53,1648,395,1572,738,716,0,783,504,851,1009
SQB772Rain,000172.png,1,1702,2,1640,359,1579,716,704,0,772,473,840,946
SQB772Rain,000173.png,1,1723,7,1650,370,1578,733,706,0,762,404,819,809
SQB772Rain,000174.png,2,1723,7,1651,366,1579,725,,,,,,
SQB772Rain,000175.png,1,1660,42,1634,377,1609,713,695,1,764,465,834,929
SQB772Rain,000176.png,2,1740,10,1658,369,1576,729,,,,,,
SQB772Rain,000177.png,1,1728,50,1644,404,1560,758,684,3,770,506,856,1010
SQB772Rain,000178.png,1,1748,11,1673,356,1598,702,699,0,758,415,818,831
SQB772Rain,000179.png,1,1708,2,1643,366,1578,731,696,-2,769,462,843,927
SQB772Rain,000180.png,1,1959,12,1854,431,1750,850,699,0,762,427,826,855
SQB772Rain,000181.png,1,1912,143,1862,431,1812,720,701,-2,763,431,825,864
SQB772Rain,000182.png,1,1951,64,1854,449,1757,835,699,-1,761,426,824,854
TigerAirA320,000140.png,1,1465,0,1438,262,1411,525,967,0,981,276,996,552
TigerAirA320,000141.png,1,1482,1,1445,270,1408,540,970,0,985,276,1000,552
TigerAirA320,000142.png,1,1479,0,1448,270,1417,540,978,0,990,275,1003,551
TigerAirA320,000143.png,1,1474,0,1436,268,1399,537,971,1,984,275,997,550
TigerAirA320,000144.png,1,1454,0,1424,276,1395,553,937,0,955,286,973,573
TigerAirA320,000145.png,1,1452,1,1420,303,1388,605,899,0,919,310,939,620
TigerAirA320,000146.png,1,1442,1,1405,326,1369,652,850,0,877,338,904,676
TigerAirA320,000147.png,1,1422,1,1383,354,1345,708,794,0,829,362,865,724
TigerAirA320,000148.png,1,1404,0,1371,376,1339,752,84,-3,96,232,108,467
TigerAirA320,000149.png,1,1404,1,1370,381,1336,761,64,-3,86,246,108,496
TigerAirA320,000150.png,1,1428,0,1391,379,1354,758,90,-5,109,232,128,470
TigerAirA320,000151.png,1,761,0,804,388,847,777,83,-4,97,236,112,476
TigerAirA320,000152.png,1,77,71,101,278,125,485,86,125,95,287,105,450
TigerAirA320,000153.png,1,93,112,98,313,103,515,1421,1,1381,411,1342,821
TigerAirA320,000154.png,1,76,124,89,320,102,517,1433,1,1390,420,1348,840
TigerAirA320,000155.png,1,77,125,89,323,101,522,1433,1,1390,419,1348,837
TigerAirA320,000156.png,1,61,138,70,321,79,504,1386,0,1351,412,1317,824
TigerAirA320,000157.png,1,52,139,63,321,75,504,1371,0,1337,413,1303,827
TigerAirA320,000158.png,1,49,145,57,330,66,516,1366,0,1332,419,1299,838
TigerAirA320,000159.png,1,48,147,56,326,65,505,1363,0,1328,418,1294,836
TigerAirA320,000160.png,1,52,139,64,324,77,509,1392,0,1352,419,1313,839
TigerAirA320,000161.png,1,54,139,67,319,80,500,1394,0,1353,420,1312,841
TigerAirA320,000162.png,1,1891,130,1792,405,1694,681,1388,0,1351,418,1315,836
TigerAirA320,000163.png,1,1416,0,1373,437,1330,874,682,0,715,357,748,714
TigerAirA320,000164.png,1,1880,118,1796,448,1712,779,1410,1,1367,436,1324,871
TigerAirA320,000165.png,1,1868,156,1780,515,1693,875,1405,1,1362,434,1319,867
TigerAirA320,000166.png,1,1899,125,1805,415,1711,706,1413,1,1371,435,1329,870
TigerAirA320,000167.png,1,45,150,57,336,70,523,1407,0,1365,434,1323,868
TigerAirA320,000168.png,1,1882,115,1797,497,1713,879,1410,4,1367,450,1324,896
TigerAirA320,000169.png,1,1903,126,1808,409,1714,692,1402,0,1357,446,1313,892
TigerAirA320,000170.png,1,1886,168,1767,525,1648,882,1392,0,1352,442,1312,885
TigerAirA320,000171.png,1,1914,125,1811,406,1708,687,1403,0,1363,446,1323,893
TigerAirA320,000172.png,1,1890,118,1809,414,1729,711,1405,1,1362,444,1319,887
TigerAirA320,000173.png,1,1887,121,1809,409,1732,697,1401,1,1358,448,1315,896
TigerAirA320,000174.png,1,1868,45,1813,390,1759,735,1399,0,1354,448,1309,896
TigerAirA320,000175.png,1,1923,129,1813,409,1704,690,1410,1,1363,452,1316,903
TigerAirA320,000176.png,1,1930,18,1804,443,1679,869,1409,1,1360,452,1311,903
TigerAirA320,000177.png,1,1919,128,1811,403,1704,679,1401,0,1357,449,1313,898
TigerAirA320,000178.png,1,1926,136,1808,427,1691,718,1416,1,1370,447,1324,893
TigerAirA320,000179.png,1,1906,125,1819,422,1733,719,1426,23,1377,473,1328,924
TigerAirA320,000180.png,1,1925,134,1814,419,1704,705,1419,0,1369,452,1320,905
TigerAirA320,000181.png,1,1920,128,1816,412,1712,697,1424,1,1381,450,1339,899
TigerAirA320,000182.png,1,1893,105,1822,406,1752,708,1423,1,1377,453,1332,906
TigerAirA320,000183.png,1,1914,141,1813,418,1713,696,1414,26,1363,478,1312,931
TigerAirA320,000184.png,1,1926,14,1831,359,1736,704,1424,1,1385,432,1346,863
TigerAirA320,000185.png,1,1921,149,1817,413,1713,677,1424,1,1368,468,1312,936
TigerAirA320,000186.png,1,1915,129,1817,422,1719,715,1428,2,1378,467,1328,932
TigerAirA320,000187.png,1,1940,22,1834,362,1728,703,1428,2,1378,459,1329,916
TigerAirA320,000188.png,1,1401,1,1357,464,1314,927,639,0,670,352,702,704
TigerAirA320,000189.png,1,1878,106,1842,419,1806,732,1400,42,1359,485,1318,929
TigerAirA320,000190.png,1,1920,140,1815,410,1710,680,1406,1,1356,466,1307,931
TigerAirA320,000191.png,1,1873,108,1815,410,1758,713,1399,0,1357,466,1316,932
TigerAirA320,000192.png,1,1884,142,1840,516,1797,891,1410,1,1363,461,1316,922
TigerAirA320,000193.png,1,1921,148,1815,416,1709,685,1408,1,1362,466,1317,931
TigerAirA320,000194.png,1,1908,149,1813,423,1719,697,1414,2,1365,467,1316,932
TigerAirA320,000195.png,1,1923,138,1814,419,1705,700,1406,1,1359,466,1312,931
TigerAirA320,000196.png,1,1941,19,1806,441,1671,863,1413,1,1376,462,1340,924
TigerAirA320,000197.png,1,1940,20,1807,443,1674,867,1406,1,1358,468,1311,935
TigerAirA320,000198.png,1,1922,134,1821,401,1720,669,1412,1,1362,468,1312,935
TigerAirA320,000199.png,1,1925,134,1818,408,1712,683,1419,2,1369,469,1320,936
TigerAirA320,000200.png,1,1857,107,1851,411,1845,715,1413,1,1362,468,1312,935
TigerAirA320,000201.png,1,1910,140,1788,499,1667,859,1408,1,1360,461,1313,921
TigerAirA320,000202.png,1,1923,138,1818,409,1713,680,1417,2,1371,468,1326,934
TigerAirA320,000203.png,1,1881,115,1859,416,1838,717,1416,2,1367,463,1318,925
TigerAirA320,000204.png,1,1922,139,1797,467,1672,796,1414,1,1369,468,1325,935
TigerAirA320,000205.png,1,1935,70,1831,375,1727,680,1417,2,1374,447,1331,893
TigerAirA320,000206.png,1,1889,158,1855,437,1821,716,1407,1,1358,468,1309,935
TigerAirA320,000207.png,1,1898,123,1817,411,1736,699,1419,3,1372,467,1326,932
TigerAirA320,000208.png,1,1413,1,1362,468,1311,936,631,0,669,385,708,770
TigerAirA320,000209.png,1,1913,140,1789,497,1665,854,1413,1,1369,467,1325,934
TigerAirA320,000210.png,1,1887,159,1834,526,1781,893,1419,2,1369,465,1320,928
TigerAirA320,000211.png,1,1911,135,1789,497,1667,859,1415,2,1366,468,1317,935
TigerAirA320,000212.png,1,1927,137,1820,411,1714,685,1405,0,1360,467,1316,935
TigerAirA320,000213.png,1,1915,58,1805,466,1695,874,1418,2,1371,468,1324,934
TigerAirA320Rain,000120.png,1,1250,0,1239,257,1229,515,777,2,811,264,846,526
TigerAirA320Rain,000121.png,1,1192,1,1189,253,1186,505,741,0,770,262,800,525
TigerAirA320Rain,000122.png,1,1182,1,1181,241,1180,482,735,0,764,260,794,520
TigerAirA320Rain,000123.png,1,1185,1,1183,251,1181,501,731,1,764,260,798,519
TigerAirA320Rain,000124.png,1,1199,1,1196,260,1193,519,739,0,769,269,800,539
TigerAirA320Rain,000125.png,1,1225,0,1218,280,1211,560,744,0,776,289,809,579
TigerAirA320Rain,000126.png,1,1269,0,1258,307,1247,615,755,0,788,316,821,633
TigerAirA320Rain,000127.png,1,1321,0,1301,335,1282,671,768,0,802,345,837,690
TigerAirA320Rain,000128.png,1,1376,1,1345,368,1315,735,780,1,814,391,848,782
TigerAirA320Rain,000129.png,1,1427,0,1392,397,1358,795,787,0,828,435,870,870
TigerAirA320Rain,000130.png,1,1440,0,1400,410,1361,820,809,0,837,526,866,1053
TigerAirA320Rain,000131.png,1,1468,0,1427,421,1386,842,795,0,839,456,883,913
TigerAirA320Rain,000132.png,1,1466,0,1426,420,1386,840,793,0,835,466,878,933
TigerAirA320Rain,000133.png,1,1397,0,1362,412,1328,825,721,1,795,542,869,1083
TigerAirA320Rain,000134.png,1,1402,0,1371,412,1340,825,766,-1,793,539,820,1080
TigerAirA320Rain,000135.png,1,1410,1,1372,411,1335,821,751,-1,801,539,851,1079
TigerAirA320Rain,000136.png,1,1401,0,1366,413,1331,827,726,0,786,540,847,1080
TigerAirA320Rain,000137.png,1,59,178,73,355,87,533,1421,0,1386,432,1351,865
TigerAirA320Rain,000138.png,1,1440,1,1407,400,1375,800,715,0,758,471,801,943
TigerAirA320Rain,000139.png,1,1426,0,1392,464,1359,929,715,0,740,370,766,740
TigerAirA320Rain,000140.png,1,59,173,66,352,74,532,1440,3,1396,461,1353,920
TigerAirA320Rain,000141.png,1,27,151,60,354,93,558,1448,0,1398,464,1349,928
TigerAirA320Rain,000142.png,1,1441,0,1401,445,1361,891,705,0,733,350,761,701
TigerAirA320Rain,000143.png,1,1465,1,1398,530,1331,1059,700,0,731,378,762,756
TigerAirA320Rain,000144.png,1,48,188,86,634,124,1080,1454,0,1418,450,1383,901
TigerAirA320Rain,000145.png,1,50,183,90,631,131,1079,1460,0,1411,461,1362,923
TigerAirA320Rain,000146.png,1,1461,5,1411,467,1361,930,704,0,735,391,766,783
TigerAirA320Rain,000147.png,1,49,176,74,514,100,852,1447,0,1410,464,1373,928
TigerAirA320Rain,000148.png,1,1454,1,1391,523,1328,1046,700,0,730,369,761,738
TigerAirA320Rain,000149.png,1,1452,0,1409,460,1367,920,701,0,732,391,764,783
TigerAirA320Rain,000150.png,1,40,190,83,634,126,1079,1453,0,1416,460,1380,920
TigerAirA320Rain,000151.png,1,29,192,74,636,120,1081,1458,1,1403,497,1349,994
TigerAirA320Rain,000152.png,1,1458,0,1413,460,1369,920,690,0,727,401,764,802
TigerAirA320Rain,000153.png,1,1462,0,1410,468,1359,937,692,0,726,393,761,786
TigerAirA320Rain,000154.png,1,27,198,81,638,135,1079,1458,0,1408,486,1358,973
TigerAirA320Rain,000155.png,1,1458,0,1418,441,1379,883,691,0,730,403,769,806
TigerAirA320Rain,000156.png,1,1458,0,1406,496,1355,993,692,0,724,383,757,767
TigerAirA320Rain,000157.png,1,1461,1,1409,471,1357,941,0,5,87,539,174,1074
SilkAirB737,000099.png,1,1412,16,1371,323,1330,630,898,1,918,271,938,542
SilkAirB737,000100.png,1,1425,2,1385,332,1345,662,893,1,916,287,939,574
SilkAirB737,000101.png,1,1441,1,1404,305,1368,609,890,1,917,324,945,648
SilkAirB737,000102.png,1,1446,2,1404,320,1362,639,890,1,915,306,940,611
SilkAirB737,000103.png,1,1457,2,1408,355,1360,708,902,1,924,307,946,613
SilkAirB737,000104.png,1,1453,3,1407,324,1362,645,896,1,920,306,944,612
SilkAirB737,000105.png,1,1440,1,1400,348,1361,696,888,1,912,308,936,615
SilkAirB737,000106.png,1,1464,2,1414,373,1364,745,884,1,918,384,952,768
SilkAirB737,000107.png,1,1473,3,1427,333,1381,664,55,-3,68,181,82,365
SilkAirB737,000108.png,1,1451,0,1416,328,1382,656,873,1,901,326,930,652
SilkAirB737,000109.png,1,1454,1,1416,360,1378,719,866,1,895,321,925,642
SilkAirB737,000110.png,1,1466,2,1417,359,1368,716,859,1,888,318,917,635
SilkAirB737,000111.png,1,1452,0,1413,367,1375,735,844,1,876,331,908,661
SilkAirB737,000112.png,1,1452,0,1417,384,1382,768,30,-1,42,172,55,345
SilkAirB737,000113.png,1,1474,3,1419,385,1365,767,5,0,33,186,61,373
SilkAirB737,000114.png,1,12,45,29,216,47,387,1456,0,1411,398,1367,796
SilkAirB737,000115.png,1,1423,3,1367,419,1311,835,723,1,746,290,770,579
SilkAirB737,000116.png,1,1427,3,1374,401,1322,799,719,1,753,322,787,643
SilkAirB737,000117.png,1,1409,0,1378,405,1348,811,717,1,739,286,762,571
SilkAirB737,000118.png,1,1408,0,1371,434,1334,868,714,1,742,305,771,609
SilkAirB737,000119.png,1,1399,1,1364,429,1329,857,705,1,742,334,779,667
SilkAirB737,000120.png,1,1428,1,1388,414,1349,828,703,1,738,339,774,678
SilkAirB737,000121.png,1,1438,0,1402,396,1366,792,690,1,725,342,760,683
SilkAirB737,000122.png,1,678,50,701,337,725,625,1473,4,1418,418,1363,832
SilkAirB737,000123.png,1,1461,0,1421,464,1381,928,649,4,700,375,752,746
SilkAirB737,000124.png,1,1454,0,1411,461,1369,923,643,3,695,363,747,723
SilkAirB737,000125.png,1,1460,0,1418,455,1376,911,662,1,687,326,713,651
SilkAirB737,000126.png,1,1458,0,1426,411,1395,822,649,2,701,381,753,761
SilkAirB737,000127.png,1,1460,0,1424,411,1389,823,647,4,702,379,757,755
SilkAirB737,000128.png,1,1462,0,1421,428,1380,856,649,3,702,383,756,763
SilkAirB737,000129.png,1,1457,0,1426,430,1396,860,649,2,700,377,752,753
SilkAirB737,000130.png,1,1936,165,1875,440,1814,715,1465,0,1419,459,1373,919
SilkAirB737,000131.png,1,1462,0,1418,462,1374,924,-25,7,76,538,177,1069
SilkAirB737,000132.png,1,1466,0,1414,456,1363,913,9,2,73,540,137,1078
SilkAirB737,000133.png,1,1461,0,1426,407,1392,815,12,5,76,541,140,1077
SilkAirB737,000134.png,1,1458,0,1426,403,1395,807,7,5,72,541,138,1077
SilkAirB737,000135.png,1,1461,0,1428,410,1395,821,8,6,78,542,149,1079
SilkAirB737,000136.png,1,2,74,74,506,147,938,1458,0,1424,430,1390,861
SilkAirB737,000137.png,1,1467,1,1413,462,1360,923,18,4,62,462,106,920
SilkAirB737,000138.png,1,1468,1,1419,460,1370,919,2,7,74,520,147,1033
SilkAirB737,000139.png,1,1465,0,1423,420,1382,840,9,6,75,528,142,1050
