Flight,Image,PassFail,X1,Y1,X2,Y2,X3,Y3,X4,Y4,X5,Y5,X6,Y6,X7,Y7,X8,Y8,X9,Y9,X9,Y9,X10,Y10,X10,Y10,X11,Y11
A320,000156.png,1,1222.34,254.248,1085.69,13.6874,,,,,,,,,,,,,,,,,,,,,,
A320,000157.png,1,1238.1,286.015,,,,,,,,,,,,,,,,,,,,,,,,
A320,000158.png,1,1227.8,282.701,,,,,,,,,,,,,,,,,,,,,,,,
A320,000159.png,1,1233.22,283.938,1089.98,31.4852,,,,,,,,,,,,,,,,,,,,,,
A320,000160.png,1,1238.18,284.077,,,,,,,,,,,,,,,,,,,,,,,,
A320,000161.png,1,1235.75,284.879,,,,,,,,,,,,,,,,,,,,,,,,
A320,000162.png,1,1243.7,309.496,1098.11,43.954,,,,,,,,,,,,,,,,,,,,,,
A320,000163.png,1,1251.73,337.645,1105.97,60.7392,,,,,,,,,,,,,,,,,,,,,,
A320,000164.png,1,1266.22,369.886,1115.98,84.9417,,,,,,,,,,,,,,,,,,,,,,
A320,000165.png,1,1240.91,395.227,1084.46,103.963,,,,,,,,,,,,,,,,,,,,,,
A320,000166.png,1,1239.58,426.762,1077.36,126.548,,,,,,,,,,,,,,,,,,,,,,
A320,000167.png,1,1248.72,446.352,1084.67,140.067,,,,,,,,,,,,,,,,,,,,,,
A320,000168.png,1,1247.69,432.86,1081.46,124.894,,,,,,,,,,,,,,,,,,,,,,
A320,000169.png,1,1242.15,430.99,1074.92,121.506,,,,,,,,,,,,,,,,,,,,,,
A320,000170.png,1,1260.04,468.738,1088.74,146.708,,,,,,,,,,,,,,,,,,,,,,
A320,000171.png,1,1265.36,484.279,1092.52,158.046,,,,,,,,,,,,,,,,,,,,,,
A320,000172.png,1,1261.46,483.885,1088.12,158.211,,,,,,,,,,,,,,,,,,,,,,
A320,000173.png,1,1256.45,483.026,1082.57,157.895,,,,,,,,,,,,,,,,,,,,,,
A320,000174.png,1,1260.73,476.394,1085.57,148.978,,,,,,,,,,,,,,,,,,,,,,
A320,000175.png,1,1265.9,497.058,1088.46,162.98,,,,,,,,,,,,,,,,,,,,,,
A320,000176.png,1,1262.96,500.071,1085.05,166.133,,,,,,,,,,,,,,,,,,,,,,
A320,000177.png,1,1260.15,501.843,1081.81,166.988,,,,,,,,,,,,,,,,,,,,,,
A320,000178.png,1,1259.57,509.96,1079.22,172.988,,,,,,,,,,,,,,,,,,,,,,
A320,000179.png,1,1263.64,519.968,1082.74,180.793,,,,,,,,,,,,,,,,,,,,,,
A320,000180.png,1,1266.56,528.671,1084.23,186.671,,,,,,,,,,,,,,,,,,,,,,
A320,000181.png,1,1265.26,536.371,1081.67,192.854,,,,,,,,,,,,,,,,,,,,,,
A320,000182.png,1,1265.16,535.714,1082.2,192.206,,,,,,,,,,,,,,,,,,,,,,
A320,000183.png,1,1265.04,535.851,1081.76,192.242,,,,,,,,,,,,,,,,,,,,,,
A320,000184.png,1,1265.2,535.762,1082.05,192.271,,,,,,,,,,,,,,,,,,,,,,
A320,000185.png,1,1265.15,535.558,1081.97,192.171,,,,,,,,,,,,,,,,,,,,,,
A320,000186.png,1,1264.64,535.564,1081.63,192.392,,,,,,,,,,,,,,,,,,,,,,
ANAB787,000187.png,1,988.745,499.953,1164.71,496.698,,,,,,,,,,,,,,,,,,,,,,
ANAB787,000188.png,1,972.093,534.158,1151.63,531.16,,,,,,,,,,,,,,,,,,,,,,
ANAB787,000189.png,1,1139.89,568.763,1716.37,462.338,820.178,420.443,,,,,,,,,,,,,,,,,,,,
ANAB787,000190.png,1,1126.14,607.354,1718.39,501.981,,,,,,,,,,,,,,,,,,,,,,
ANAB787,000191.png,1,1115.03,641.608,1720.01,538.296,1269.67,207.14,,,,,,,,,,,,,,,,,,,,
ANAB787,000192.png,1,1111.33,656.259,1717.16,553.944,769.176,518.321,1265.36,226.53,1271.61,185.949,1236.56,108.768,,,,,,,,,,,,,,
ANAB787,000193.png,1,1722.21,582.264,763.245,547.359,1267.56,256.971,1274.05,215.839,1238.16,137.296,1753.62,5.84677,,,,,,,,,,,,,,
ANAB787,000194.png,1,523.852,642.655,1732.99,621.972,754.693,588.737,1273,300.227,1280.2,257.893,1243.67,176.763,1657.91,18.3957,,,,,,,,,,,,
ANAB787,000195.png,1,509.943,689.547,1737.57,678.196,743.985,643.031,1280.85,357.803,1288.65,314.381,1250.68,230.814,1688.19,61.7299,,,,,,,,,,,,
ANAB787,000196.png,1,503.269,722.516,1296.55,358.559,1258.69,272.776,1710.88,97.8887,,,,,,,,,,,,,,,,,,
ANAB787,000197.png,1,498.395,730.9,1285.96,414.038,1294.18,369.804,1255.95,283.42,1713.09,106.101,,,,,,,,,,,,,,,,
ANAB787,000198.png,1,486.679,742.478,1272.76,428.385,1280.65,382.37,1280.91,382.142,1241.38,294.974,1707.86,112.366,,,,,,,,,,,,,,
ANAB787,000199.png,1,464.133,765.971,1255.69,458.432,1262.4,411.003,1708.77,129.906,,,,,,,,,,,,,,,,,,
ANAB787,000200.png,1,409.852,807.012,1189.84,502.795,1195.21,453.848,1670.2,146.815,,,,,,,,,,,,,,,,,,
ANAB787,000201.png,1,386.462,828.882,1160.63,535.215,1165.42,485.905,1115.7,392.926,1661.41,165.376,,,,,,,,,,,,,,,,
ANAB787,000202.png,1,379.157,836.059,1152.87,545.691,1157.27,496.179,1106.8,402.717,1660.86,171.235,,,,,,,,,,,,,,,,
ANAB787,000203.png,1,373.991,845.098,1148.64,559.457,1153.47,509.535,1664.26,180.072,,,,,,,,,,,,,,,,,,
ANAB787,000204.png,1,365.955,860.955,1146.18,585.191,1151.14,534.992,1676.47,198.194,666.197,8.40835,,,,,,,,,,,,,,,,
ANAB787,000205.png,1,364.68,869.333,1413.07,852.772,1151.17,598.734,1156.13,548.56,1688.98,208.755,,,,,,,,,,,,,,,,
ANAB787,000206.png,1,364.241,869.709,1147.85,598.501,1152.55,547.973,1684.55,207.763,,,,,,,,,,,,,,,,,,
ANAB787,000207.png,1,1163.08,634.702,1169.24,584.235,1718.29,236.403,,,,,,,,,,,,,,,,,,,,
ANAB787,000208.png,1,1171.5,673.164,1179.42,622.882,1749.06,266.294,,,,,,,,,,,,,,,,,,,,
ANAB787,000209.png,1,1165.49,664.396,1171.95,613.828,1129.1,390.567,1733.86,258.432,,,,,,,,,,,,,,,,,,
ANAB787,000210.png,1,1169.58,668.619,1177.39,618.61,1742.28,262.817,,,,,,,,,,,,,,,,,,,,
ANAB787,000211.png,1,1171.46,664.83,1178.45,614.596,1742.22,259.896,,,,,,,,,,,,,,,,,,,,
ANAB787,000212.png,1,1158.42,629.49,1164.09,578.924,1710.11,232.254,,,,,,,,,,,,,,,,,,,,
ANAB787,000213.png,1,362.584,891.529,1166.28,635.868,1172.98,585.358,1722,237.892,,,,,,,,,,,,,,,,,,
ANAB787,000214.png,1,360.035,888.902,1154.63,629.474,1160.16,578.963,1707.08,231.457,,,,,,,,,,,,,,,,,,
ANAB787,000215.png,1,361.102,890.342,1155.67,633.037,1161.09,582.705,1707.69,235.835,,,,,,,,,,,,,,,,,,
ANAB787,000216.png,1,367.432,898.075,1421.58,891.203,1162.64,648.357,1168.44,599.139,1712.23,255.297,59.5452,16.7662,,,,,,,,,,,,,,
ANAB787,000217.png,1,1185.32,692.169,1194.02,643.708,1747.65,295.493,59.6705,23.8766,,,,,,,,,,,,,,,,,,
ANAB787,000218.png,1,1178.19,689.098,1184.74,640.148,1738.9,292.151,59.4945,26.8664,,,,,,,,,,,,,,,,,,
ANAB787,000219.png,1,1171.76,693.875,1179.05,645.231,1736.51,293.293,51.6141,29.0213,,,,,,,,,,,,,,,,,,
ANAB787,000220.png,1,1175.29,702.073,1181.87,653.232,1739.41,298.93,51.0815,32.0703,,,,,,,,,,,,,,,,,,
ANAB787,000221.png,1,1174.77,710.902,1181.59,661.943,1140.71,444.03,1744.29,305.753,50.4825,35.1662,,,,,,,,,,,,,,,,
ANAB787,000222.png,1,1175.02,711.312,1182.76,662.581,1746.47,306.272,50.3104,34.8978,,,,,,,,,,,,,,,,,,
ANAB787,000223.png,1,1176.27,711.558,1183.04,662.642,1746.89,306.17,50.2233,34.699,,,,,,,,,,,,,,,,,,
ANAB787,000224.png,1,1175.65,711.217,1183.16,662.571,1747.06,306.153,50.4147,34.62,,,,,,,,,,,,,,,,,,
ANAB787,000225.png,1,1174.97,711.088,1183,662.579,1746.49,306.162,50.0413,34.8307,,,,,,,,,,,,,,,,,,
ANAB787,000226.png,1,1175.97,711.75,1182.83,662.649,1746.62,306.155,50.3498,34.7895,,,,,,,,,,,,,,,,,,
ANAB787,000227.png,1,1176.14,711.743,1182.77,662.747,1746.41,306.294,50.0599,34.9417,,,,,,,,,,,,,,,,,,
ANAB787,000228.png,1,1176.07,711.801,1182.72,662.832,1746.84,306.559,50.3177,34.8386,,,,,,,,,,,,,,,,,,
ANAB787,000229.png,1,1174.89,711.566,1182.84,662.864,1142.23,444.856,1746.95,306.453,49.7934,35.0495,,,,,,,,,,,,,,,,
B787,000125.png,1,593.122,515.984,1517.36,507.575,1353.46,503.809,1157.01,318.991,,,,,,,,,,,,,,,,,,
B787,000126.png,1,552.605,531.007,1482.07,521.355,1313.12,518.442,1102.03,334.764,,,,,,,,,,,,,,,,,,
B787,000127.png,1,519.444,543.227,1452.28,533.25,1279.14,530.724,1055.31,348.576,,,,,,,,,,,,,,,,,,
B787,000128.png,1,486.801,554.679,1420.11,544.294,1243.03,542.297,1006.61,361.467,,,,,,,,,,,,,,,,,,
B787,000129.png,1,1385.47,555.237,1204.69,553.862,955.417,374.652,,,,,,,,,,,,,,,,,,,,
B787,000130.png,1,1348.83,567.299,1164.2,566.562,902.076,389.216,,,,,,,,,,,,,,,,,,,,
B787,000131.png,1,1303.93,587.59,1115.55,587.189,838.846,413.875,,,,,,,,,,,,,,,,,,,,
B787,000132.png,1,1259.59,610.315,1068.5,610.083,779.296,441.582,,,,,,,,,,,,,,,,,,,,
B787,000133.png,1,1213.64,634.104,1020.21,633.34,632.322,550.803,718.847,469.982,1475.69,8.27775,,,,,,,,,,,,,,,,
B787,000134.png,1,966.916,651.603,1163.18,651.987,573.678,571.164,651.538,491.792,1349.03,212.087,1407.27,10.5812,,,,,,,,,,,,,,
B787,000135.png,1,1114.03,670.182,915.44,669.552,589.109,513.361,1280.78,226.492,1337.61,13.6851,,,,,,,,,,,,,,,,
B787,000136.png,1,900.032,672.839,1098.33,672.688,503.237,595.051,571.777,518.156,1257.88,228.015,1313.3,13.7778,,,,,,,,,,,,,,
B787,000137.png,1,840.061,674.774,1036.98,668.625,446.645,608.591,1668.83,547.54,508.418,529.73,1170.43,219.645,1219.1,9.21141,,,,,,,,,,,,
B787,000138.png,1,842.629,674.935,1040.09,669.108,448.26,608.599,1674.54,548.059,510.531,529.8,1176.02,219.791,1225.48,8.93659,,,,,,,,,,,,
B787,000139.png,1,843.606,680.167,1040.41,674.685,451.571,614.449,1671.7,554.465,513.735,536.64,1176.67,230.762,1225.18,15.694,,,,,,,,,,,,
B787,000140.png,1,843.567,685.714,1039.29,680.222,453.942,620.735,1667.32,560.552,515.851,544.068,1173.97,242,1268.43,106.08,1221.51,25.6565,,,,,,,,,,
B787,000141.png,1,440.086,647.146,1665.75,590.366,500.496,573.793,1163.19,273.818,1212.6,52.18,,,,,,,,,,,,,,,,
B787,000142.png,1,424.259,680.206,481.909,610.635,1151.3,314.96,1202.49,86.6404,,,,,,,,,,,,,,,,,,
B787,000143.png,1,401.334,724.077,462.571,660.542,1137.04,371.886,1191.41,132.929,,,,,,,,,,,,,,,,,,
B787,000144.png,1,397.766,743.431,1674.3,696.968,1134.06,400.954,1189.44,160.353,,,,,,,,,,,,,,,,,,
B787,000145.png,1,399.444,755.899,1674.97,711.745,452.666,696.178,471.496,653.486,1192.83,181.232,,,,,,,,,,,,,,,,
B787,000146.png,1,394.329,788.391,1203.18,223.689,,,,,,,,,,,,,,,,,,,,,,
B787,000147.png,1,385.574,828.108,1145.09,525.703,40.8124,12.2632,,,,,,,,,,,,,,,,,,,,
B787,000148.png,1,376.434,874.988,1169.27,599.247,,,,,,,,,,,,,,,,,,,,,,
B787,000149.png,1,355.942,873.732,1120.12,578.927,1070.88,434.563,,,,,,,,,,,,,,,,,,,,
B787,000150.png,1,346.475,880.788,1110.58,583.16,1060.42,438.69,,,,,,,,,,,,,,,,,,,,
B787,000151.png,1,343.536,898.456,1117.04,609.711,,,,,,,,,,,,,,,,,,,,,,
B787,000152.png,1,1118.86,643.797,1189.89,374.144,,,,,,,,,,,,,,,,,,,,,,
B787,000153.png,1,1121.91,649.538,1195.27,379.385,,,,,,,,,,,,,,,,,,,,,,
B787,000154.png,1,1125.96,642.105,1198.8,372.551,,,,,,,,,,,,,,,,,,,,,,
B787,000155.png,1,1121.52,636.339,,,,,,,,,,,,,,,,,,,,,,,,
B787,000156.png,1,1118.77,636.25,,,,,,,,,,,,,,,,,,,,,,,,
B787,000157.png,1,1142.41,673.519,1220.6,400.414,,,,,,,,,,,,,,,,,,,,,,
B787,000158.png,1,1142.58,677.891,1221.67,404.617,19.9064,40.3432,,,,,,,,,,,,,,,,,,,,
B787,000159.png,1,1142.55,673.632,1221.17,400.555,,,,,,,,,,,,,,,,,,,,,,
B787,000160.png,1,1133.59,666.805,,,,,,,,,,,,,,,,,,,,,,,,
B787,000161.png,1,1126.22,652.183,1200.55,381.381,,,,,,,,,,,,,,,,,,,,,,
B787,000162.png,1,1116.67,630.974,,,,,,,,,,,,,,,,,,,,,,,,
B787,000163.png,1,1116.73,630.626,,,,,,,,,,,,,,,,,,,,,,,,
B787,000164.png,1,1110.61,626.95,,,,,,,,,,,,,,,,,,,,,,,,
B787,000165.png,1,1137.86,653.832,,,,,,,,,,,,,,,,,,,,,,,,
B787,000166.png,1,1176.77,694.063,1261.13,420.082,,,,,,,,,,,,,,,,,,,,,,
B787,000167.png,1,1161.62,685.188,1242.68,412.075,,,,,,,,,,,,,,,,,,,,,,
B787,000168.png,1,1175.98,690.965,1261.2,415.528,,,,,,,,,,,,,,,,,,,,,,
B787,000169.png,1,1172.06,676.349,1256.25,396.279,,,,,,,,,,,,,,,,,,,,,,
B787,000170.png,1,1166.81,670.56,1250.29,387.369,,,,,,,,,,,,,,,,,,,,,,
B787,000171.png,1,1188.17,691.076,1277.34,406.386,,,,,,,,,,,,,,,,,,,,,,
B787,000172.png,1,1184.6,691.207,1272.95,406.056,,,,,,,,,,,,,,,,,,,,,,
B787,000173.png,1,1183.92,690.909,1272.09,405.928,,,,,,,,,,,,,,,,,,,,,,
B787,000174.png,1,1183.82,690.993,1271.77,406.153,,,,,,,,,,,,,,,,,,,,,,
B787,000175.png,1,1184.21,691.308,1272.2,406.419,,,,,,,,,,,,,,,,,,,,,,
B787,000176.png,1,1184.07,691.247,1272.19,406.303,,,,,,,,,,,,,,,,,,,,,,
B787,000177.png,1,1183.84,691.08,1272.08,406.064,,,,,,,,,,,,,,,,,,,,,,
MASB737,000184.png,1,1185.27,84.5275,1129.36,85.1261,,,,,,,,,,,,,,,,,,,,,,
MASB737,000185.png,1,115.527,431.944,,,,,,,,,,,,,,,,,,,,,,,,
MASB737,000186.png,1,113.72,435.953,,,,,,,,,,,,,,,,,,,,,,,,
MASB737,000187.png,0,,,,,,,,,,,,,,,,,,,,,,,,,,
MASB737,000188.png,0,,,,,,,,,,,,,,,,,,,,,,,,,,
MASB737,000189.png,0,,,,,,,,,,,,,,,,,,,,,,,,,,
MASB737,000190.png,1,945.772,650.573,1154.57,186.779,1146.06,169.186,,,,,,,,,,,,,,,,,,,,
MASB737,000191.png,1,534.532,908.012,912.289,680.076,1175.81,219.833,1178.18,200.345,1099.2,54.8394,,,,,,,,,,,,,,,,
MASB737,000192.png,1,892.827,709.167,1163.03,260.101,1159.92,235.025,1072.8,83.5609,,,,,,,,,,,,,,,,,,
MASB737,000193.png,1,878.661,741.004,1144.93,283.178,1064.83,122.37,,,,,,,,,,,,,,,,,,,,
MASB737,000194.png,1,844.878,772.66,315.753,758.962,1129.16,293.348,,,,,,,,,,,,,,,,,,,,
MASB737,000195.png,1,837.519,773.344,1098.87,346.984,996.556,158.438,,,,,,,,,,,,,,,,,,,,
MASB737,000196.png,1,1107,340.279,1002.04,145.413,,,,,,,,,,,,,,,,,,,,,,
MASB737,000197.png,1,1010.23,141.857,1007.73,122.224,,,,,,,,,,,,,,,,,,,,,,
MASB737,000198.png,1,1119.66,348.899,1009.78,148.333,1006.94,128.14,,,,,,,,,,,,,,,,,,,,
MASB737,000199.png,1,1132.28,387.075,1130.99,354.013,1020.63,172.589,1018.11,151.834,,,,,,,,,,,,,,,,,,
MASB737,000200.png,1,1151.16,416.399,1036.45,199.904,1033.99,178.196,1039.31,7.80615,,,,,,,,,,,,,,,,,,
MASB737,000201.png,1,1050.35,229.282,1047.94,206.768,1054.29,27.043,,,,,,,,,,,,,,,,,,,,
MASB737,000202.png,1,1611.96,678.209,1013.41,232.299,1017.36,46.6033,1017.23,16.2583,,,,,,,,,,,,,,,,,,
MASB737,000203.png,1,1005.07,273.742,1002.91,250.442,1006.89,60.853,,,,,,,,,,,,,,,,,,,,
MASB737,000204.png,1,1142.09,524.513,1015.95,290.197,1013.01,266.338,1018.01,73.2247,,,,,,,,,,,,,,,,,,
MASB737,000205.png,1,1144.92,523.113,1016.01,289.391,1013.89,265.524,1018.71,72.44,,,,,,,,,,,,,,,,,,
MASB737,000206.png,1,1015.15,289.462,1011.45,264.865,1016.39,72.2509,,,,,,,,,,,,,,,,,,,,
MASB737,000207.png,1,1014.56,288.339,1011.28,264.379,1016.14,71.5477,,,,,,,,,,,,,,,,,,,,
MASB737,000208.png,1,1142.48,511.57,1014.34,287.595,1011.33,263.697,1016.97,71.1214,,,,,,,,,,,,,,,,,,
MASB737,000209.png,1,1008.88,293.367,1006.33,269.647,1010.71,75.3018,,,,,,,,,,,,,,,,,,,,
MASB737,000210.png,1,977.267,323.651,974.091,298.711,977.502,98.0008,,,,,,,,,,,,,,,,,,,,
MASB737,000211.png,1,1083.55,562.437,1083.17,547.198,1082.54,519.545,943.232,322.187,939.796,297.75,940.422,98.568,,,,,,,,,,,,,,
MASB737,000212.png,1,1087.88,549.461,1086.29,517.539,947.137,320.189,944.21,296.074,945.323,96.6921,,,,,,,,,,,,,,,,
MASB737,000213.png,1,1085.33,513.787,946.602,317.004,943.157,292.704,943.763,94.5253,,,,,,,,,,,,,,,,,,
MASB737,000214.png,1,1089.79,523.13,951.449,325.037,947.536,300.443,949.137,100.699,945.053,66.8411,,,,,,,,,,,,,,,,
MASB737,000215.png,1,973.147,350.516,969.877,325.639,972.632,119.228,,,,,,,,,,,,,,,,,,,,
MASB737,000216.png,1,1093.73,618.939,1092.57,604.652,1093.66,576.2,948.904,374.065,945.236,348.742,943.958,137.53,,,,,,,,,,,,,,
MASB737,000217.png,1,1114.85,616.363,1113.42,579.415,969.104,376.064,966.339,350.51,967.578,138.406,,,,,,,,,,,,,,,,
MASB737,000218.png,1,1113.92,611.133,970.428,375.855,966.048,349.517,968.331,138.085,,,,,,,,,,,,,,,,,,
MASB737,000219.png,1,1118.69,594.729,974.318,389.771,970.438,363.506,972.441,148.913,,,,,,,,,,,,,,,,,,
MASB737,000220.png,1,680.928,973.896,1120.54,661.947,1119.4,647.511,1120.36,619.451,972.122,413.227,968.144,386.72,969.446,166.792,,,,,,,,,,,,
MASB737,000221.png,1,680.706,973.916,1122.39,618.12,975.354,412.122,971.392,385.648,972.591,166.528,,,,,,,,,,,,,,,,
MASB737,000222.png,1,778.803,981.298,680.935,973.875,1122.11,645.76,1121.14,618.182,973.844,412.191,970.005,385.671,972.105,166.625,,,,,,,,,,,,
MASB737,000223.png,1,778.222,981.367,680.857,973.88,1122.01,646.311,1122.11,618.516,975.191,412.443,971.459,386.182,973.986,166.549,,,,,,,,,,,,
MASB737,000224.png,1,680.789,973.893,1123.45,646.185,1121.98,618.374,975.515,412.392,971.481,385.873,973.449,166.756,,,,,,,,,,,,,,
MASB737,000225.png,1,680.699,973.82,1123.43,644.62,1122.49,612.482,974.613,404.539,970.719,377.922,972.85,157.27,,,,,,,,,,,,,,
MASB737,000226.png,1,680.797,973.856,1123.24,641.44,973.19,400.282,969.334,373.596,971.369,152.515,,,,,,,,,,,,,,,,
MASB737,000227.png,1,680.78,973.892,1123.32,642.982,1122.19,610.27,973.279,401.37,970.287,374.897,971.277,153.389,,,,,,,,,,,,,,
MASB737,000228.png,1,681.38,973.8,1125.7,649.014,1125.57,620.521,975.877,411.228,972.909,384.483,974.355,160.57,,,,,,,,,,,,,,
MASB737,000229.png,1,681.201,973.913,1127.3,653.379,1125.99,620.988,976.98,411.462,973.776,384.832,975.269,161.029,,,,,,,,,,,,,,
MASB737,000230.png,1,681.224,973.797,1126.97,648.967,1120.92,624.49,977.595,411.758,974.051,384.47,974.112,160.565,,,,,,,,,,,,,,
MASB737,000231.png,1,681.314,973.885,977.055,411.176,973.593,384.688,976.171,160.558,,,,,,,,,,,,,,,,,,
MASB737,000232.png,1,680.953,973.956,975.943,410.935,974.444,384.12,976.127,161.141,,,,,,,,,,,,,,,,,,
MASB737,000233.png,1,1003.48,638.754,975.71,411.174,973.962,383.858,975.291,160.763,,,,,,,,,,,,,,,,,,
MASB737,000234.png,1,1003.4,638.7,975.724,411.159,1046.23,397.602,973.984,383.685,974.701,160.588,,,,,,,,,,,,,,,,
MASB737,000235.png,1,1001.72,630.472,975.756,411.205,1045.8,397.333,972.747,383.815,974.547,160.784,,,,,,,,,,,,,,,,
MASB737,000236.png,1,975.694,411.137,1046.21,397.151,973.074,383.852,974.73,160.69,,,,,,,,,,,,,,,,,,
MASB737,000237.png,1,975.662,411.011,1045.79,397.846,972.542,383.791,974.321,160.738,,,,,,,,,,,,,,,,,,
MASB737,000238.png,1,1001.48,630.567,975.289,411.056,1046.11,397.909,972.324,383.88,974.5,160.353,,,,,,,,,,,,,,,,
MASB737,000239.png,1,1003.13,638.674,975.908,411.203,1045.83,397.432,973.398,383.722,974.242,160.825,,,,,,,,,,,,,,,,
MASB737,000240.png,1,1001.71,630.362,975.685,410.934,1046.44,397.58,973.399,383.621,974.345,160.686,,,,,,,,,,,,,,,,
MASB737,000241.png,1,975.593,410.913,1046.51,397.863,973.636,383.509,974.077,160.577,,,,,,,,,,,,,,,,,,
MASB737,000242.png,1,1001.66,630.365,975.49,410.996,1045.7,397.675,973.251,383.575,974.654,160.293,,,,,,,,,,,,,,,,
ScootB787,000165.png,0,,,,,,,,,,,,,,,,,,,,,,,,,,
ScootB787,000166.png,0,,,,,,,,,,,,,,,,,,,,,,,,,,
ScootB787,000167.png,0,,,,,,,,,,,,,,,,,,,,,,,,,,
ScootB787,000168.png,1,1592.79,388.955,1608.15,9.57182,,,,,,,,,,,,,,,,,,,,,,
ScootB787,000169.png,1,1523.38,411.887,1884.01,107.601,,,,,,,,,,,,,,,,,,,,,,
ScootB787,000170.png,1,1455.27,437.895,1445.25,301.482,1532.32,195.298,1841.88,115.738,,,,,,,,,,,,,,,,,,
ScootB787,000171.png,1,1386.28,461.334,1464.41,208.259,1803.49,120.079,,,,,,,,,,,,,,,,,,,,
ScootB787,000172.png,1,1328.39,474.441,1403.11,214.935,1763.17,118.106,,,,,,,,,,,,,,,,,,,,
ScootB787,000173.png,1,1340.98,474.962,1417.85,215.496,1774.52,120.518,,,,,,,,,,,,,,,,,,,,
ScootB787,000174.png,1,1342.13,473.42,1418.7,214.363,1776.05,120.097,,,,,,,,,,,,,,,,,,,,
ScootB787,000175.png,1,1392.87,220.056,1759.31,121.32,,,,,,,,,,,,,,,,,,,,,,
ScootB787,000176.png,1,1361.4,232.351,1743.47,127.681,,,,,,,,,,,,,,,,,,,,,,
ScootB787,000177.png,1,1774.62,151.044,,,,,,,,,,,,,,,,,,,,,,,,
ScootB787,000178.png,1,1754.74,158.118,,,,,,,,,,,,,,,,,,,,,,,,
ScootB787,000179.png,1,1762.42,176.045,,,,,,,,,,,,,,,,,,,,,,,,
ScootB787,000180.png,1,1771.66,194.96,,,,,,,,,,,,,,,,,,,,,,,,
ScootB787,000181.png,1,1799.87,206.756,,,,,,,,,,,,,,,,,,,,,,,,
ScootB787,000182.png,1,1792.86,205.854,,,,,,,,,,,,,,,,,,,,,,,,
ScootB787,000183.png,1,1793.81,205.541,,,,,,,,,,,,,,,,,,,,,,,,
ScootB787,000184.png,1,1797.06,205.963,,,,,,,,,,,,,,,,,,,,,,,,
ScootB787,000185.png,1,1795.52,220.12,,,,,,,,,,,,,,,,,,,,,,,,
ScootB787,000186.png,1,1786.89,224.443,,,,,,,,,,,,,,,,,,,,,,,,
ScootB787,000187.png,1,1771.39,216.775,,,,,,,,,,,,,,,,,,,,,,,,
ScootB787,000188.png,1,1767.88,198.031,,,,,,,,,,,,,,,,,,,,,,,,
ScootB787,000189.png,1,1774.37,195.081,,,,,,,,,,,,,,,,,,,,,,,,
ScootB787,000190.png,1,1772.53,196.653,,,,,,,,,,,,,,,,,,,,,,,,
ScootB787,000191.png,1,1780.42,217.185,,,,,,,,,,,,,,,,,,,,,,,,
ScootB787,000192.png,1,1791.06,235.189,,,,,,,,,,,,,,,,,,,,,,,,
ScootB787,000193.png,1,1785.67,233.402,1132.89,137.796,,,,,,,,,,,,,,,,,,,,,,
ScootB787,000194.png,1,1795.04,247.822,1128.63,151.523,,,,,,,,,,,,,,,,,,,,,,
ScootB787,000195.png,1,1793.62,246.653,1127.55,150.631,,,,,,,,,,,,,,,,,,,,,,
ScootB787,000196.png,1,777.959,981.005,1793.36,246.681,,,,,,,,,,,,,,,,,,,,,,
ScootB787,000197.png,1,777.653,980.936,1792.76,246.87,1126.88,151.114,,,,,,,,,,,,,,,,,,,,
ScootB787,000198.png,1,1790.69,242.197,1129.18,146.194,,,,,,,,,,,,,,,,,,,,,,
ScootB787,000199.png,1,1791.87,241.393,,,,,,,,,,,,,,,,,,,,,,,,
ScootB787,000200.png,1,1789.75,245.405,,,,,,,,,,,,,,,,,,,,,,,,
ScootB787,000201.png,1,1790.57,244.823,,,,,,,,,,,,,,,,,,,,,,,,
ScootB787,000202.png,1,777.515,981.002,1791.94,245.963,,,,,,,,,,,,,,,,,,,,,,
ScootB787,000203.png,1,1168.22,520.802,1782,242.155,1114.44,149.014,,,,,,,,,,,,,,,,,,,,
ScootB787,000204.png,1,1791.68,245.619,,,,,,,,,,,,,,,,,,,,,,,,
ScootB787,000205.png,1,1169.25,519.815,1782.87,241.684,,,,,,,,,,,,,,,,,,,,,,
ScootB787,000206.png,1,1783.34,242.282,1097.14,165.264,,,,,,,,,,,,,,,,,,,,,,
ScootB787,000207.png,1,1171.2,520.797,1784.68,242.537,,,,,,,,,,,,,,,,,,,,,,
ScootB787,000208.png,1,1171.32,520.763,1784.83,242.589,,,,,,,,,,,,,,,,,,,,,,
ScootB787,000209.png,1,681.022,973.75,1171,520.614,1785.07,242.441,,,,,,,,,,,,,,,,,,,,
ScootB787,000210.png,1,681.141,973.739,1171.54,520.353,1117.19,148.662,,,,,,,,,,,,,,,,,,,,
ScootB787,000211.png,1,1805.21,187.027,,,,,,,,,,,,,,,,,,,,,,,,
ScootB787PBB,000164-2.png,0,,,,,,,,,,,,,,,,,,,,,,,,,,
ScootB787PBB,000165.png,0,,,,,,,,,,,,,,,,,,,,,,,,,,
ScootB787PBB,000166.png,0,,,,,,,,,,,,,,,,,,,,,,,,,,
ScootB787PBB,000167.png,0,,,,,,,,,,,,,,,,,,,,,,,,,,
1ScootB787PBB,000168-2.png,0,,,,,,,,,,,,,,,,,,,,,,,,,,
ScootB787PBB,000169.png,0,,,,,,,,,,,,,,,,,,,,,,,,,,
ScootB787PBB,000170.png,1,1431.28,141.018,,,,,,,,,,,,,,,,,,,,,,,,
ScootB787PBB,000171.png,0,,,,,,,,,,,,,,,,,,,,,,,,,,
ScootB787PBB,000172-2.png,1,1422.42,145.96,,,,,,,,,,,,,,,,,,,,,,,,
ScootB787PBB,000173.png,0,,,,,,,,,,,,,,,,,,,,,,,,,,
ScootB787PBB,000174.png,0,,,,,,,,,,,,,,,,,,,,,,,,,,
ScootB787PBB,000175.png,0,,,,,,,,,,,,,,,,,,,,,,,,,,
ScootB787PBB,000176-2.png,1,1362.02,271.545,,,,,,,,,,,,,,,,,,,,,,,,
ScootB787PBB,000177.png,1,1351.83,292.019,,,,,,,,,,,,,,,,,,,,,,,,
ScootB787PBB,000178.png,1,1354.75,302.215,,,,,,,,,,,,,,,,,,,,,,,,
ScootB787PBB,000179.png,1,1351.37,318.073,,,,,,,,,,,,,,,,,,,,,,,,
ScootB787PBB,000180-2.png,1,1341.33,328.019,,,,,,,,,,,,,,,,,,,,,,,,
ScootB787PBB,000181.png,1,1342.69,342.164,,,,,,,,,,,,,,,,,,,,,,,,
ScootB787PBB,000182.png,1,1387.68,365.676,1451.1,11.1697,1276.92,5.38523,,,,,,,,,,,,,,,,,,,,
ScootB787PBB,000183-2.png,1,1393.36,380.354,,,,,,,,,,,,,,,,,,,,,,,,
ScootB787PBB,000184.png,1,1393.03,392.877,,,,,,,,,,,,,,,,,,,,,,,,
ScootB787PBB,000185.png,1,1392.36,405.052,,,,,,,,,,,,,,,,,,,,,,,,
ScootB787PBB,000186-2.png,1,1391.93,416.268,,,,,,,,,,,,,,,,,,,,,,,,
ScootB787PBB,000187.png,1,1390.12,428.364,,,,,,,,,,,,,,,,,,,,,,,,
ScootB787PBB,000188.png,1,1389.79,440.47,1478.99,153.636,,,,,,,,,,,,,,,,,,,,,,
ScootB787PBB,000189-2.png,1,1389.91,452.042,1479.3,168.523,,,,,,,,,,,,,,,,,,,,,,
ScootB787PBB,000190.png,1,1389.83,463.59,1479.37,183.254,,,,,,,,,,,,,,,,,,,,,,
ScootB787PBB,000191.png,1,1389.27,474.729,1478.61,197.494,,,,,,,,,,,,,,,,,,,,,,
ScootB787PBB,000192.png,1,1389.01,485.662,1478.33,211.736,,,,,,,,,,,,,,,,,,,,,,
ScootB787PBB,000193.png,1,1388.5,496.802,1477.93,225.948,,,,,,,,,,,,,,,,,,,,,,
ScootB787PBB,000194.png,1,1387.76,507.589,1477.34,239.929,,,,,,,,,,,,,,,,,,,,,,
ScootB787PBB,000195.png,1,1369.53,515.304,1459.39,244.544,,,,,,,,,,,,,,,,,,,,,,
ScootB787PBB,000196.png,1,1334.26,529.016,,,,,,,,,,,,,,,,,,,,,,,,
ScootB787PBB,000197.png,1,1290.4,547.011,,,,,,,,,,,,,,,,,,,,,,,,
ScootB787PBB,000198.png,1,1254.62,560.619,,,,,,,,,,,,,,,,,,,,,,,,
ScootB787PBB,000199.png,1,1210.08,579.174,,,,,,,,,,,,,,,,,,,,,,,,
ScootB787PBB,000200.png,1,1172.92,594.254,,,,,,,,,,,,,,,,,,,,,,,,
ScootB787PBB,000201.png,1,1183.25,589.312,,,,,,,,,,,,,,,,,,,,,,,,
ScootB787PBB,000202.png,1,1180.34,590.556,,,,,,,,,,,,,,,,,,,,,,,,
ScootB787PBB,000203.png,1,1173.8,592.113,,,,,,,,,,,,,,,,,,,,,,,,
ScootB787PBB,000204.png,1,1155.54,597.959,,,,,,,,,,,,,,,,,,,,,,,,
ScootB787PBB,000205.png,1,1153.75,599.695,1721.41,117.13,,,,,,,,,,,,,,,,,,,,,,
ScootB787PBB,000206.png,1,1157.09,599.349,,,,,,,,,,,,,,,,,,,,,,,,
ScootB787PBB,000207.png,1,1129.47,620.538,,,,,,,,,,,,,,,,,,,,,,,,
ScootB787PBB,000208.png,1,1107.76,633.276,1678.29,184.207,,,,,,,,,,,,,,,,,,,,,,
ScootB787PBB,000209.png,1,1108.5,640.541,1676.27,194.878,,,,,,,,,,,,,,,,,,,,,,
ScootB787PBB,000210.png,1,1112.1,650.299,,,,,,,,,,,,,,,,,,,,,,,,
ScootB787PBB,000211.png,1,1114.58,660.573,,,,,,,,,,,,,,,,,,,,,,,,
ScootB787PBB,000212.png,1,1153.7,666.356,1734.41,183.921,,,,,,,,,,,,,,,,,,,,,,
ScootB787PBB,000213.png,1,1149.68,664.896,,,,,,,,,,,,,,,,,,,,,,,,
ScootB787PBB,000214.png,1,1149.64,664.875,,,,,,,,,,,,,,,,,,,,,,,,
ScootB787PBB,000215.png,1,1150.68,665.043,1713.44,237.132,,,,,,,,,,,,,,,,,,,,,,
ScootB787PBB,000216.png,1,1174.22,669.734,1757.99,191.535,,,,,,,,,,,,,,,,,,,,,,
ScootB787PBB,000217.png,1,1165.98,674.858,,,,,,,,,,,,,,,,,,,,,,,,
ScootB787PBB,000218.png,1,1155.83,680.131,,,,,,,,,,,,,,,,,,,,,,,,
ScootB787PBB,000219.png,1,1153.7,692.886,,,,,,,,,,,,,,,,,,,,,,,,
ScootB787PBB,000220.png,1,1154.98,693.705,1724.85,269.663,,,,,,,,,,,,,,,,,,,,,,
ScootB787PBB,000221.png,1,1149.53,701.319,,,,,,,,,,,,,,,,,,,,,,,,
ScootB787PBB,000222.png,1,1149.28,702.905,,,,,,,,,,,,,,,,,,,,,,,,
ScootB787PBB,000223.png,1,1149.2,702.958,,,,,,,,,,,,,,,,,,,,,,,,
ScootB787PBB,000224.png,1,1149.03,702.757,,,,,,,,,,,,,,,,,,,,,,,,
ScootB787PBB,000225.png,1,1148.99,702.468,,,,,,,,,,,,,,,,,,,,,,,,
ScootB787PBB,000226.png,1,1149,701.8,1838.86,231.091,,,,,,,,,,,,,,,,,,,,,,
ScootB787PBB,000227-2.png,1,1149.01,701.953,1743.59,219.997,,,,,,,,,,,,,,,,,,,,,,
ScootB787PBB,000228.png,1,1149.04,701.791,,,,,,,,,,,,,,,,,,,,,,,,
SilkAirB737,000104.png,1,1295.09,213.922,1009.4,160.713,1004.54,127.756,,,,,,,,,,,,,,,,,,,,
SilkAirB737,000105.png,1,1286.62,217.097,990.166,152.244,995.821,131.86,541.975,24.4291,,,,,,,,,,,,,,,,,,
SilkAirB737,000106.png,1,1300.66,246.828,843.32,240.66,1010.2,199.226,998.31,156.507,,,,,,,,,,,,,,,,,,
SilkAirB737,000107.png,1,1106.33,253.368,1303.35,247.671,840.343,240.312,994.536,155.391,,,,,,,,,,,,,,,,,,
SilkAirB737,000108.png,1,1301.49,234.817,834.358,231.815,989.393,142.141,,,,,,,,,,,,,,,,,,,,
SilkAirB737,000109.png,1,831.096,222.337,1297.96,220.888,983.261,128.384,,,,,,,,,,,,,,,,,,,,
SilkAirB737,000110.png,1,826.001,214.602,1295.3,209.903,978.304,151.322,977.005,117.085,,,,,,,,,,,,,,,,,,
SilkAirB737,000111.png,1,1086.43,236.299,1296.14,229.489,968.451,133.424,,,,,,,,,,,,,,,,,,,,
SilkAirB737,000112.png,1,1064.97,285.636,1287.01,277.872,940.511,176.735,,,,,,,,,,,,,,,,,,,,
SilkAirB737,000113.png,1,1043.17,326.005,913.195,212.447,,,,,,,,,,,,,,,,,,,,,,
SilkAirB737,000114.png,1,901.364,258.033,905.684,225.687,,,,,,,,,,,,,,,,,,,,,,
SilkAirB737,000115.png,1,988.396,336.695,852.098,257.162,847.538,244.464,856.261,224.907,,,,,,,,,,,,,,,,,,
SilkAirB737,000116.png,1,990.651,343.252,853.992,262.745,849.622,249.929,857.717,230.434,,,,,,,,,,,,,,,,,,
SilkAirB737,000117.png,1,989.884,362.556,849.574,280.058,853.514,247.021,,,,,,,,,,,,,,,,,,,,
SilkAirB737,000118.png,1,987.107,358.873,848.128,277.085,851.758,244.25,,,,,,,,,,,,,,,,,,,,
SilkAirB737,000119.png,1,981.079,358.75,1220.8,345.35,785.805,284.733,846.568,244.662,,,,,,,,,,,,,,,,,,
SilkAirB737,000120.png,1,367.464,843.291,988.611,388.527,845.358,303.765,848.779,269.92,,,,,,,,,,,,,,,,,,
SilkAirB737,000121.png,1,986.332,425.838,,,,,,,,,,,,,,,,,,,,,,,,
SilkAirB737,000122.png,1,979.535,464.988,1051.93,40.8759,,,,,,,,,,,,,,,,,,,,,,
SilkAirB737,000123.png,1,977.827,505.472,1052.48,65.29,,,,,,,,,,,,,,,,,,,,,,
SilkAirB737,000124.png,1,971.857,503.874,1044.89,65.2031,,,,,,,,,,,,,,,,,,,,,,
SilkAirB737,000125.png,1,680.483,973.404,975.18,503.012,816.921,409.523,1049.11,64.4293,,,,,,,,,,,,,,,,,,
SilkAirB737,000126.png,1,680.37,973.632,976.934,507.68,1051.92,67.1131,,,,,,,,,,,,,,,,,,,,
SilkAirB737,000127.png,1,680.038,973.664,977.599,506.86,822.88,375.606,1052.6,66.5398,,,,,,,,,,,,,,,,,,
SilkAirB737,000128.png,1,680.271,973.513,977.736,507.181,1052.72,66.7,,,,,,,,,,,,,,,,,,,,
SilkAirB737,000129.png,1,680.326,973.696,977.53,506.629,1052.52,66.6607,,,,,,,,,,,,,,,,,,,,
SilkAirB737,000130.png,1,680.512,973.544,977.349,506.858,1052.49,66.4964,,,,,,,,,,,,,,,,,,,,
SilkAirB737,000131.png,1,680.393,973.595,977.019,506.56,1051.77,66.6465,,,,,,,,,,,,,,,,,,,,
SilkAirB737,000132.png,1,680.339,973.653,794.788,974.174,977.177,506.514,1051.77,66.3372,,,,,,,,,,,,,,,,,,
SilkAirB737,000133.png,1,680.654,973.589,977.531,506.507,822.631,375.378,1051.9,66.4317,,,,,,,,,,,,,,,,,,
SilkAirB737,000134.png,1,680.411,973.591,977.748,506.333,822.437,375.22,1052.54,66.3952,,,,,,,,,,,,,,,,,,
SilkAirB737,000135.png,1,680.427,973.572,977.659,506.359,822.596,375.19,1052.49,66.3017,,,,,,,,,,,,,,,,,,
SilkAirB737,000136.png,1,680.192,973.574,977.229,506.458,1051.86,66.2567,,,,,,,,,,,,,,,,,,,,
SilkAirB737,000137.png,1,977.797,506.26,1051.78,66.2319,,,,,,,,,,,,,,,,,,,,,,
SilkAirB737,000138.png,1,977.838,506.221,1051.93,66.1259,,,,,,,,,,,,,,,,,,,,,,
SilkAirB737,000139.png,1,977.358,506.098,1051.66,66.1598,,,,,,,,,,,,,,,,,,,,,,
SQB772,000125-1.png,1,915.362,687.211,1071.55,605.253,,,,,,,,,,,,,,,,,,,,,,
SQB772,000126-1.png,1,872.954,696.723,1022.74,616.038,,,,,,,,,,,,,,,,,,,,,,
SQB772,000127.png,1,962.063,631.576,,,,,,,,,,,,,,,,,,,,,,,,
SQB772,000128.png,1,896.882,647.353,1593.74,162.305,,,,,,,,,,,,,,,,,,,,,,
SQB772,000129-1.png,1,829.449,664.368,1529.58,164.955,,,,,,,,,,,,,,,,,,,,,,
SQB772,000130.png,1,768.367,686.945,1463.96,180.325,,,,,,,,,,,,,,,,,,,,,,
SQB772,000131.png,1,705.059,707.047,1390.02,193.453,,,,,,,,,,,,,,,,,,,,,,
SQB772,000132-1.png,1,654.699,720.594,1325.56,200.349,,,,,,,,,,,,,,,,,,,,,,
SQB772,000133.png,1,616.454,732.202,1277.71,207.566,,,,,,,,,,,,,,,,,,,,,,
SQB772,000134-1.png,1,581.826,742.511,1231.19,214.831,,,,,,,,,,,,,,,,,,,,,,
SQB772,000135.png,1,542.237,752.721,1170.68,223.09,,,,,,,,,,,,,,,,,,,,,,
SQB772,000136-1.png,1,506.319,762.391,1114.84,231.341,,,,,,,,,,,,,,,,,,,,,,
SQB772,000137.png,1,518.112,759.98,1137.01,229.481,,,,,,,,,,,,,,,,,,,,,,
SQB772,000138-1.png,1,512.825,760.466,1125.14,229.611,,,,,,,,,,,,,,,,,,,,,,
SQB772,000139.png,1,510.877,760.953,1121.67,230.017,,,,,,,,,,,,,,,,,,,,,,
SQB772,000140.png,1,512.024,761.57,1125.25,232.579,,,,,,,,,,,,,,,,,,,,,,
SQB772,000141.png,1,510.898,761.153,1122.94,229.996,,,,,,,,,,,,,,,,,,,,,,
SQB772,000142.png,1,510.137,761.533,1121.04,230.088,,,,,,,,,,,,,,,,,,,,,,
SQB772,000143.png,1,510.253,761.528,1121.44,231.282,,,,,,,,,,,,,,,,,,,,,,
SQB772,000144.png,1,509.766,760.319,1121.71,229.29,,,,,,,,,,,,,,,,,,,,,,
SQB772,000145.png,1,511.594,760.58,1123.63,228.595,,,,,,,,,,,,,,,,,,,,,,
SQB772,000146.png,1,509.816,763.607,1120.91,233.578,,,,,,,,,,,,,,,,,,,,,,
SQB772,000147.png,1,500.117,783.747,,,,,,,,,,,,,,,,,,,,,,,,
SQB772,000148-1.png,1,495.912,785.553,,,,,,,,,,,,,,,,,,,,,,,,
SQB772,000149.png,1,497.51,788.424,,,,,,,,,,,,,,,,,,,,,,,,
SQB772,000150.png,1,498.134,788.551,,,,,,,,,,,,,,,,,,,,,,,,
SQB772,000151.png,1,498.101,790.667,,,,,,,,,,,,,,,,,,,,,,,,
SQB772,000152.png,0,,,,,,,,,,,,,,,,,,,,,,,,,,
SQB772,000153.png,0,,,,,,,,,,,,,,,,,,,,,,,,,,
SQB772,000154.png,1,1043.61,46.7758,,,,,,,,,,,,,,,,,,,,,,,,
SQB772,000155.png,1,1070.29,73.3446,1160.26,72.5331,1110.5,72.3624,,,,,,,,,,,,,,,,,,,,
SQB772,000156.png,1,1230.43,112.929,1173.33,112.391,1197.95,95.4846,1146.19,94.985,1104.82,95.5188,,,,,,,,,,,,,,,,
SQB772,000157.png,1,1226.35,114.002,1168.98,113.429,1193.93,96.4444,1142.3,96.0228,1100.99,96.593,,,,,,,,,,,,,,,,
SQB772,000158-1.png,1,1250.78,118.132,1192.64,117.281,1217.92,100.222,1165.71,99.3918,1123.71,99.7445,,,,,,,,,,,,,,,,
SQB772,000159.png,1,1228.39,113.631,1171.13,112.934,1196.18,96.1944,1102.83,96.3284,1144.12,95.8262,,,,,,,,,,,,,,,,
SQB772,000160.png,1,1231.88,113.71,1174.93,113.299,1199.37,96.1281,1106.18,96.2889,1147.82,95.648,,,,,,,,,,,,,,,,
SQB772,000161.png,1,1226.97,102.471,1170.14,101.567,1195.12,85.038,1102.84,85.2169,1143.75,84.5996,,,,,,,,,,,,,,,,
SQB772,000162.png,1,1179.13,78.0074,1129.04,77.9014,1088.39,78.6799,,,,,,,,,,,,,,,,,,,,
SQB772,000163.png,1,1087.68,78.6011,1177.69,78.0851,1127.92,77.6464,,,,,,,,,,,,,,,,,,,,
SQB772,000164.png,1,1203,93.7435,1109.88,93.486,1151.42,93.2965,,,,,,,,,,,,,,,,,,,,
SQB772,000165.png,1,1214.63,108.232,1157.17,107.845,1089.57,91.4627,1181.81,90.9545,1130.7,90.8903,,,,,,,,,,,,,,,,
SQB772,000166.png,1,1204.34,105.998,1151.53,105.402,1109.14,105.932,,,,,,,,,,,,,,,,,,,,
SQB772,000167.png,1,1230.71,122.659,1172.82,122.291,1102.61,105.164,1198,104.787,1145.11,104.365,,,,,,,,,,,,,,,,
SQB772,000168-1.png,1,1231.11,121.436,1173.27,120.666,1197.95,103.502,1103,103.708,1145.36,103.069,,,,,,,,,,,,,,,,
SQB772,000169.png,1,1187.69,78.8286,1096.94,78.9693,1137.29,78.3571,,,,,,,,,,,,,,,,,,,,
SQB772,000170.png,1,1158.28,54.3427,1110.19,54.309,,,,,,,,,,,,,,,,,,,,,,
SQB772,000171.png,0,,,,,,,,,,,,,,,,,,,,,,,,,,
SQB772,000172.png,1,1092.08,50.2861,,,,,,,,,,,,,,,,,,,,,,,,
SQB772,000173.png,0,,,,,,,,,,,,,,,,,,,,,,,,,,
SQB772,000174.png,1,1066.15,74.2412,1155.94,73.4582,1106,73.4328,,,,,,,,,,,,,,,,,,,,
SQB772,000175.png,1,1068.01,79.6986,1159.39,78.8091,1108.88,78.5527,,,,,,,,,,,,,,,,,,,,
SQB772,000176.png,1,1204.68,96.8689,1148.77,96.4052,1172.79,79.9511,1081.52,80.2765,1122.12,79.5838,,,,,,,,,,,,,,,,
SQB772,000177.png,1,1077.41,80.9684,1168.09,80.4503,1117.85,80.2735,,,,,,,,,,,,,,,,,,,,
SQB772,000178-1.png,1,1217.92,118.411,1159.69,117.561,1184.77,100.502,1089.52,100.568,1131.58,99.8068,,,,,,,,,,,,,,,,
SQB772,000179.png,1,1065.74,99.4469,1160.7,98.5539,1107.69,98.4268,,,,,,,,,,,,,,,,,,,,
SQB772,000180.png,1,1220.14,120.569,1161.64,119.994,1186.56,102.68,1133.86,102.22,1091.47,102.544,,,,,,,,,,,,,,,,
SQB772,000181.png,1,1090.08,102.221,1184.91,102.257,1132.68,101.496,,,,,,,,,,,,,,,,,,,,
SQB772,000182.png,1,1213.26,118.956,1154.7,118.418,1179.48,101.35,1085.17,101.469,1127.38,100.755,,,,,,,,,,,,,,,,
SQB772,000183.png,1,1213.84,119.139,1155.36,118.441,1180.49,101.411,1085.5,101.613,1127.76,100.938,,,,,,,,,,,,,,,,
SQB772,000184.png,1,1216.86,119.58,1158.29,118.794,1088.27,101.977,1183.7,101.787,1130.66,101.359,,,,,,,,,,,,,,,,
SQB772,000185.png,1,1182.75,101.495,1088.21,101.619,1130.39,101.083,,,,,,,,,,,,,,,,,,,,
SQB772,000186.png,1,1213.94,118.849,1155.67,118.412,1180.8,101.155,1086.1,101.469,1128.08,100.837,,,,,,,,,,,,,,,,
SQB772,000187.png,1,1213.93,118.719,1155.4,118.356,1180.77,101.014,1085.36,101.258,1127.64,100.437,,,,,,,,,,,,,,,,
SQB772,000188.png,1,1214.5,118.73,1155.69,118.389,1180.9,100.966,1086.09,101.38,1128.34,100.496,,,,,,,,,,,,,,,,
SQB772Rain,000141.png,1,925.506,693.891,1086.5,610.502,,,,,,,,,,,,,,,,,,,,,,
SQB772Rain,000142.png,1,874.581,707.526,1027.72,625.997,,,,,,,,,,,,,,,,,,,,,,
SQB772Rain,000143.png,1,831.59,717.507,977.039,637.934,,,,,,,,,,,,,,,,,,,,,,
SQB772Rain,000144.png,1,790.992,726.811,928.622,648.918,1627.37,160.576,,,,,,,,,,,,,,,,,,,,
SQB772Rain,000145.png,1,875.123,661.2,1577.32,161.098,,,,,,,,,,,,,,,,,,,,,,
SQB772Rain,000146.png,1,813.144,678.014,1517.95,164.943,,,,,,,,,,,,,,,,,,,,,,
SQB772Rain,000147.png,1,747.216,697.244,1450.32,170.606,,,,,,,,,,,,,,,,,,,,,,
SQB772Rain,000148.png,1,682.602,715.685,1377.49,178.696,,,,,,,,,,,,,,,,,,,,,,
SQB772Rain,000149.png,1,618.743,734.374,1296.42,188.771,,,,,,,,,,,,,,,,,,,,,,
SQB772Rain,000150.png,1,625.365,732.066,1303.9,188.546,,,,,,,,,,,,,,,,,,,,,,
SQB772Rain,000151.png,1,630.009,733.839,1311.44,192.639,,,,,,,,,,,,,,,,,,,,,,
SQB772Rain,000152.png,1,622.42,733.834,1297.89,189.592,,,,,,,,,,,,,,,,,,,,,,
SQB772Rain,000153.png,1,613.959,734.924,1287.86,187.643,,,,,,,,,,,,,,,,,,,,,,
SQB772Rain,000154.png,1,612.459,735.978,1283.74,187.336,,,,,,,,,,,,,,,,,,,,,,
SQB772Rain,000155.png,1,610.219,735.82,1281.05,187.171,,,,,,,,,,,,,,,,,,,,,,
SQB772Rain,000156.png,1,610.378,736.818,1279.95,187.607,,,,,,,,,,,,,,,,,,,,,,
SQB772Rain,000157.png,1,606.433,742.333,1280.29,192.463,,,,,,,,,,,,,,,,,,,,,,
SQB772Rain,000158.png,1,589.925,769.571,1276.15,216.198,,,,,,,,,,,,,,,,,,,,,,
SQB772Rain,000159.png,1,587.616,774.893,1273.19,220.619,,,,,,,,,,,,,,,,,,,,,,
SQB772Rain,000160.png,1,588.78,776.864,1279.67,223.574,,,,,,,,,,,,,,,,,,,,,,
SQB772Rain,000161.png,1,585.391,779.463,1274.46,225.572,,,,,,,,,,,,,,,,,,,,,,
SQB772Rain,000162.png,1,576.375,807.078,1279.99,250.972,,,,,,,,,,,,,,,,,,,,,,
SQB772Rain,000163.png,1,558.324,860.623,,,,,,,,,,,,,,,,,,,,,,,,
SQB772Rain,000164.png,1,540.989,882.856,1091.86,47.4894,1083.27,31.6987,1187.33,16.1072,1101.26,16.0256,,,,,,,,,,,,,,,,
SQB772Rain,000165.png,1,1120.8,38.5847,1224.39,22.6353,,,,,,,,,,,,,,,,,,,,,,
SQB772Rain,000166.png,1,1115.06,94.7624,1235.97,42.8964,1189.32,41.7054,,,,,,,,,,,,,,,,,,,,
SQB772Rain,000167.png,1,1080.42,79.2247,1197.17,61.5651,1101.19,61.3462,1143.06,60.5672,1209.21,43.9478,1163.94,43.5151,,,,,,,,,,,,,,
SQB772Rain,000168.png,1,1245.68,83.1693,1093.53,82.1877,1173.78,81.7132,1212.1,64.7352,1115.48,64.1264,1158.22,63.9953,,,,,,,,,,,,,,
SQB772Rain,000169.png,1,1239.94,99.1941,1181.5,98.0364,1091.63,98.3609,1206.51,80.9261,1112.19,80.3064,1219.87,63.4029,1174.42,62.6447,,,,,,,,,,,,
SQB772Rain,000170.png,1,1100.33,126.397,1205.87,91.64,1111.76,91.2394,1218.47,74.1541,1173.58,73.4124,,,,,,,,,,,,,,,,
SQB772Rain,000171.png,1,1107.32,111.449,1179.39,106.307,1127.59,93.9268,,,,,,,,,,,,,,,,,,,,
SQB772Rain,000172.png,1,1185.98,110.117,1095.97,110.086,1226.44,101.196,1116.87,92.5055,1224.08,75.3237,,,,,,,,,,,,,,,,
SQB772Rain,000173.png,1,1184.82,117.01,1095.25,117.357,1224.26,108.232,1115.91,99.8259,,,,,,,,,,,,,,,,,,
SQB772Rain,000174.png,1,1103.75,137.353,1214.94,136.778,1095.08,119.68,1115.14,102.058,1221.63,84.9362,1177.15,84.2793,1120.15,84.6907,,,,,,,,,,,,
SQB772Rain,000175.png,1,1094.58,123.074,1209.36,105.58,1115.02,105.329,1156.7,104.807,1222.35,87.9457,1177.45,87.4362,1120.46,87.373,,,,,,,,,,,,
SQB772Rain,000176.png,1,1183.9,121.965,1093.69,122.181,1114.32,104.493,1222.2,87.0968,,,,,,,,,,,,,,,,,,
SQB772Rain,000177.png,1,1185.88,122.724,1095.66,122.767,1211.69,105.299,1157.93,104.854,1115.87,105.147,1224.06,87.7489,1178.63,87.1396,1121.69,87.3061,,,,,,,,,,
SQB772Rain,000178.png,0,,,,,,,,,,,,,,,,,,,,,,,,,,
SQB772Rain,000179.png,1,795.534,974.382,1105.27,140.69,1217.11,140.114,1153.26,139.769,1244.28,123.245,1186.24,122.429,1096.48,122.575,1211.05,105.145,1116.59,105.102,1158.95,104.429,1224.25,87.7433,1179.28,87.2204,1110.82,87.1208
SQB772Rain,000180.png,1,1104.46,140.981,1152.24,140.415,1243.04,123.581,1185.43,122.487,1095.37,123.081,1210.95,105.54,1115.82,105.597,1157.98,105.087,1223.42,88.2196,1178.38,87.4848,1109.8,87.5942,,,,
SQB772Rain,000181.png,1,1104.26,140.925,1243.73,123.421,1185.86,122.433,1095.46,123.084,1210.99,105.51,1116.08,105.448,1158.25,104.824,1223.76,88.1483,1178.58,87.4338,1110.01,87.472,,,,,,
SQB772Rain,000182.png,1,1104.38,140.688,1243.47,123.171,1185.7,122.398,1095.64,122.715,1210.92,105.218,1115.72,105.006,1158.41,104.469,1223.34,87.8959,1178.47,86.939,1110.19,87.2291,,,,,,
TigerAirA320,000140.png,1,1679.77,690.079,1332.92,149.712,1035.15,89.8807,,,,,,,,,,,,,,,,,,,,
TigerAirA320,000141.png,1,1337.64,149.443,1040.56,88.7432,,,,,,,,,,,,,,,,,,,,,,
TigerAirA320,000142.png,1,1016.84,1066.67,1345.06,149.321,1047.17,87.6546,,,,,,,,,,,,,,,,,,,,
TigerAirA320,000143.png,1,1159.66,1066.28,1335.95,148.258,1038.49,87.7015,,,,,,,,,,,,,,,,,,,,
TigerAirA320,000144.png,1,1314.55,164.178,1008.43,104.977,,,,,,,,,,,,,,,,,,,,,,
TigerAirA320,000145.png,1,1184.6,721.61,1297.23,202.203,974.99,140.901,,,,,,,,,,,,,,,,,,,,
TigerAirA320,000146.png,1,1274.79,246.794,932.657,183.695,,,,,,,,,,,,,,,,,,,,,,
TigerAirA320,000147.png,1,885.504,230.925,1097.99,16.4629,,,,,,,,,,,,,,,,,,,,,,
TigerAirA320,000148.png,1,844.912,270.852,1065.95,44.1861,,,,,,,,,,,,,,,,,,,,,,
TigerAirA320,000149.png,1,1269.55,1055.5,843.1,271.174,1063.62,44.4047,,,,,,,,,,,,,,,,,,,,
TigerAirA320,000150.png,1,865.917,271.745,1089.45,46.0119,,,,,,,,,,,,,,,,,,,,,,
TigerAirA320,000151.png,1,1302.76,1069.59,862.424,275.304,1087.12,48.5634,,,,,,,,,,,,,,,,,,,,
TigerAirA320,000152.png,1,1268.73,1055.6,844.41,302.691,1075.02,68.0217,,,,,,,,,,,,,,,,,,,,
TigerAirA320,000153.png,1,1060.06,89.5545,,,,,,,,,,,,,,,,,,,,,,,,
TigerAirA320,000154.png,1,1056.84,98.0265,,,,,,,,,,,,,,,,,,,,,,,,
TigerAirA320,000155.png,1,1060.11,107.01,,,,,,,,,,,,,,,,,,,,,,,,
TigerAirA320,000156.png,1,1022.44,104.729,,,,,,,,,,,,,,,,,,,,,,,,
TigerAirA320,000157.png,1,1009.65,104.176,,,,,,,,,,,,,,,,,,,,,,,,
TigerAirA320,000158.png,1,999.806,112.909,,,,,,,,,,,,,,,,,,,,,,,,
TigerAirA320,000159.png,1,997.422,112.124,,,,,,,,,,,,,,,,,,,,,,,,
TigerAirA320,000160.png,1,1023.28,112.288,,,,,,,,,,,,,,,,,,,,,,,,
TigerAirA320,000161.png,1,1025.89,112.14,,,,,,,,,,,,,,,,,,,,,,,,
TigerAirA320,000162.png,1,1022.46,111.039,,,,,,,,,,,,,,,,,,,,,,,,
TigerAirA320,000163.png,1,1036.54,131.683,,,,,,,,,,,,,,,,,,,,,,,,
TigerAirA320,000164.png,1,1026.12,129.295,,,,,,,,,,,,,,,,,,,,,,,,
TigerAirA320,000165.png,1,1022.81,127.766,,,,,,,,,,,,,,,,,,,,,,,,
TigerAirA320,000166.png,1,1028.31,128.179,,,,,,,,,,,,,,,,,,,,,,,,
TigerAirA320,000167.png,1,1028.88,127.823,,,,,,,,,,,,,,,,,,,,,,,,
TigerAirA320,000168.png,1,1022.09,144.093,,,,,,,,,,,,,,,,,,,,,,,,
TigerAirA320,000169.png,1,1013.46,143.409,,,,,,,,,,,,,,,,,,,,,,,,
TigerAirA320,000170.png,1,1005.13,143.55,,,,,,,,,,,,,,,,,,,,,,,,
TigerAirA320,000171.png,1,1015.99,144.493,,,,,,,,,,,,,,,,,,,,,,,,
TigerAirA320,000172.png,1,1012.49,143.16,,,,,,,,,,,,,,,,,,,,,,,,
TigerAirA320,000173.png,1,1008.18,145.689,,,,,,,,,,,,,,,,,,,,,,,,
TigerAirA320,000174.png,1,1008.73,145.26,,,,,,,,,,,,,,,,,,,,,,,,
TigerAirA320,000175.png,1,1195.06,487.91,1014.84,151.443,,,,,,,,,,,,,,,,,,,,,,
TigerAirA320,000176.png,1,1013.5,150.004,,,,,,,,,,,,,,,,,,,,,,,,
TigerAirA320,000177.png,1,1008.98,149.83,,,,,,,,,,,,,,,,,,,,,,,,
TigerAirA320,000178.png,1,1019.78,150.526,,,,,,,,,,,,,,,,,,,,,,,,
TigerAirA320,000179.png,1,1023.23,150.867,,,,,,,,,,,,,,,,,,,,,,,,
TigerAirA320,000180.png,1,1023.51,151.378,,,,,,,,,,,,,,,,,,,,,,,,
TigerAirA320,000181.png,1,1021.53,150.555,,,,,,,,,,,,,,,,,,,,,,,,
TigerAirA320,000182.png,1,1019.59,152.71,,,,,,,,,,,,,,,,,,,,,,,,
TigerAirA320,000183.png,1,1018.93,153.271,,,,,,,,,,,,,,,,,,,,,,,,
TigerAirA320,000184.png,1,1020.46,154.547,,,,,,,,,,,,,,,,,,,,,,,,
TigerAirA320,000185.png,1,1020.67,156.229,,,,,,,,,,,,,,,,,,,,,,,,
TigerAirA320,000186.png,1,778.479,981.691,1017.84,159.781,,,,,,,,,,,,,,,,,,,,,,
TigerAirA320,000187.png,1,778.464,981.633,1016.25,159.264,,,,,,,,,,,,,,,,,,,,,,
TigerAirA320,000188.png,1,778.348,981.666,1003.59,158.19,,,,,,,,,,,,,,,,,,,,,,
TigerAirA320,000189.png,1,778.258,981.614,1007.54,158.441,,,,,,,,,,,,,,,,,,,,,,
TigerAirA320,000190.png,1,778.339,981.383,1004.06,162.307,,,,,,,,,,,,,,,,,,,,,,
TigerAirA320,000191.png,1,1001.2,163.043,,,,,,,,,,,,,,,,,,,,,,,,
TigerAirA320,000192.png,1,1004.17,163.834,,,,,,,,,,,,,,,,,,,,,,,,
TigerAirA320,000193.png,1,1005.95,163.579,,,,,,,,,,,,,,,,,,,,,,,,
TigerAirA320,000194.png,1,1003.62,164.266,,,,,,,,,,,,,,,,,,,,,,,,
TigerAirA320,000195.png,1,1001.15,165.818,,,,,,,,,,,,,,,,,,,,,,,,
TigerAirA320,000196.png,1,1001.08,166.382,,,,,,,,,,,,,,,,,,,,,,,,
TigerAirA320,000197.png,1,1001.65,167.842,,,,,,,,,,,,,,,,,,,,,,,,
TigerAirA320,000198.png,1,1001.52,168.235,,,,,,,,,,,,,,,,,,,,,,,,
TigerAirA320,000199.png,1,1002.49,168.359,,,,,,,,,,,,,,,,,,,,,,,,
TigerAirA320,000200.png,1,1002.22,168.492,,,,,,,,,,,,,,,,,,,,,,,,
TigerAirA320,000201.png,1,1263.3,182.117,1001.46,169.383,,,,,,,,,,,,,,,,,,,,,,
TigerAirA320,000202.png,1,1001.99,169.435,,,,,,,,,,,,,,,,,,,,,,,,
TigerAirA320,000203.png,1TigerAirA320,000203.png,0,,,,,,,,,,,,,,,,,,,,,,,,
TigerAirA320,000204.png,1,1001.41,171.025,,,,,,,,,,,,,,,,,,,,,,,,
TigerAirA320,000205.png,1,1000.56,171.016,,,,,,,,,,,,,,,,,,,,,,,,
TigerAirA320,000206.png,1,1000.25,170.919,,,,,,,,,,,,,,,,,,,,,,,,
TigerAirA320,000207.png,1,1001.37,171.312,,,,,,,,,,,,,,,,,,,,,,,,
TigerAirA320,000208.png,1,1265.26,184.195,1001.92,171.074,,,,,,,,,,,,,,,,,,,,,,
TigerAirA320,000209.png,1,1001.67,170.934,,,,,,,,,,,,,,,,,,,,,,,,
TigerAirA320,000210.png,1,1001.04,170.993,,,,,,,,,,,,,,,,,,,,,,,,
TigerAirA320,000211.png,1,1000.72,170.99,,,,,,,,,,,,,,,,,,,,,,,,
TigerAirA320,000212.png,1,1001.13,171.057,,,,,,,,,,,,,,,,,,,,,,,,
TigerAirA320,000213.png,1,1001.28,170.957,,,,,,,,,,,,,,,,,,,,,,,,
TigerAirA320Rain,000120.png,1,1127,160.454,878.141,113.386,456.564,8.45541,,,,,,,,,,,,,,,,,,,,
TigerAirA320Rain,000121.png,1,1073.92,155.671,,,,,,,,,,,,,,,,,,,,,,,,
TigerAirA320Rain,000122.png,1,1066.76,154.4,,,,,,,,,,,,,,,,,,,,,,,,
TigerAirA320Rain,000123.png,1,1068.46,154.929,,,,,,,,,,,,,,,,,,,,,,,,
TigerAirA320Rain,000124.png,1,1573.05,571.024,1079.85,166.924,829.425,124.654,,,,,,,,,,,,,,,,,,,,
TigerAirA320Rain,000125.png,1,686.205,759.455,838.238,153.797,,,,,,,,,,,,,,,,,,,,,,
TigerAirA320Rain,000126.png,1,855.419,195.231,411.464,12.8372,,,,,,,,,,,,,,,,,,,,,,
TigerAirA320Rain,000127.png,1,877.05,241.166,,,,,,,,,,,,,,,,,,,,,,,,
TigerAirA320Rain,000128.png,1,1212.84,334.257,896.034,292.676,415.56,7.52146,,,,,,,,,,,,,,,,,,,,
TigerAirA320Rain,000129.png,1,964.071,932.526,,,,,,,,,,,,,,,,,,,,,,,,
TigerAirA320Rain,000130.png,1,1260.32,427.496,,,,,,,,,,,,,,,,,,,,,,,,
TigerAirA320Rain,000131.png,1,1283.72,446.759,931.214,396.028,1133.36,151.425,,,,,,,,,,,,,,,,,,,,
TigerAirA320Rain,000132.png,1,1280.61,434.774,1129.28,137.383,,,,,,,,,,,,,,,,,,,,,,
TigerAirA320Rain,000133.png,1,865.485,371.384,,,,,,,,,,,,,,,,,,,,,,,,
TigerAirA320Rain,000134.png,1,869.316,372.108,1066.15,122.01,,,,,,,,,,,,,,,,,,,,,,
TigerAirA320Rain,000135.png,1,873.53,371.027,1070.93,120.985,,,,,,,,,,,,,,,,,,,,,,
TigerAirA320Rain,000136.png,1,866.222,375.169,,,,,,,,,,,,,,,,,,,,,,,,
TigerAirA320Rain,000137.png,1,867.158,409.643,1071.86,149.868,,,,,,,,,,,,,,,,,,,,,,
TigerAirA320Rain,000138.png,1,863.179,447.21,,,,,,,,,,,,,,,,,,,,,,,,
TigerAirA320Rain,000139.png,0,,,,,,,,,,,,,,,,,,,,,,,,,,
TigerAirA320Rain,000140.png,1,1071.95,166.723,,,,,,,,,,,,,,,,,,,,,,,,
TigerAirA320Rain,000141.png,0,,,,,,,,,,,,,,,,,,,,,,,,,,
TigerAirA320Rain,000142.png,1,852.063,443.747,,,,,,,,,,,,,,,,,,,,,,,,
TigerAirA320Rain,000143.png,1,1072.92,189.64,,,,,,,,,,,,,,,,,,,,,,,,
TigerAirA320Rain,000144.png,0,,,,,,,,,,,,,,,,,,,,,,,,,,
TigerAirA320Rain,000145.png,1,1073.49,189.788,,,,,,,,,,,,,,,,,,,,,,,,
TigerAirA320Rain,000146.png,0,,,,,,,,,,,,,,,,,,,,,,,,,,
TigerAirA320Rain,000147.png,0,,,,,,,,,,,,,,,,,,,,,,,,,,
TigerAirA320Rain,000148.png,1,785.125,366.763,,,,,,,,,,,,,,,,,,,,,,,,
TigerAirA320Rain,000149.png,1,851.304,454.93,1072.01,174.51,,,,,,,,,,,,,,,,,,,,,,
TigerAirA320Rain,000150.png,0,,,,,,,,,,,,,,,,,,,,,,,,,,
TigerAirA320Rain,000151.png,1,1067.92,186.819,,,,,,,,,,,,,,,,,,,,,,,,
TigerAirA320Rain,000152.png,0,,,,,,,,,,,,,,,,,,,,,,,,,,
TigerAirA320Rain,000153.png,0,,,,,,,,,,,,,,,,,,,,,,,,,,
TigerAirA320Rain,000154.png,1,845.993,470.926,,,,,,,,,,,,,,,,,,,,,,,,
TigerAirA320Rain,000155.png,1,846.42,470.772,,,,,,,,,,,,,,,,,,,,,,,,
TigerAirA320Rain,000156.png,1,789.246,367.189,,,,,,,,,,,,,,,,,,,,,,,,
TigerAirA320Rain,000157.png,0,,,,,,,,,,,,,,,,,,,,,,,,,,
