Flight,Image,PassFail,X1,Y1,X2,Y2
A320,000156.png,1,1340.98,303.838,844.996,282.351
A320,000157.png,1,1361.45,315.405,850.48,335.981
A320,000158.png,1,1351.45,343.678,840.15,313.63
A320,000159.png,1,1357.35,307.813,843.667,306.617
A320,000160.png,1,1361.99,313.198,849.769,319.639
A320,000161.png,1,1358.53,342.762,848.55,330.215
A320,000162.png,1,1372.19,333.788,843.699,338.862
A320,000163.png,1,1380.97,353.982,838.539,341.784
A320,000164.png,1,840.714,378.781,1404.59,325.667
A320,000165.png,1,1382.19,352.438,801.651,361.075
A320,000166.png,1,1386.7,360.913,778.922,330.436
A320,000167.png,1,1397.3,371.766,781.306,340.838
A320,000168.png,0,,,,
A320,000169.png,1,1391.6,381.854,761.817,263.201
A320,000170.png,1,1413.72,406.466,767.969,336.568
A320,000171.png,1,1417.11,501.394,763.685,315.847
A320,000172.png,1,1420.32,384.288,766.245,366.23
A320,000173.png,1,1415.36,403.102,762.311,388.506
A320,000174.png,1,1420.23,384.059,757.611,320.604
A320,000175.png,1,1422.47,450.697,756.329,349.489
A320,000176.png,1,1460.87,201.625,744.569,270.998
A320,000177.png,0,,,,
A320,000178.png,1,1422.53,406.164,748.306,407.344
A320,000179.png,1,1431.57,412.594,745.206,364.783
A320,000180.png,1,1433.78,412.43,746.729,464.915
A320,000181.png,1,1430.17,508.59,730.544,289.299
A320,000182.png,1,1437.82,373.212,739.948,366.822
A320,000183.png,1,1438.37,378.948,740.377,375.257
A320,000184.png,1,1429.9,504.916,739.025,377.714
A320,000185.png,1,1436.22,395.948,738.574,369.426
A320,000186.png,1,1434.78,404.39,740.752,393.594
ANAB787,000187.png,0,,,,
ANAB787,000188.png,0,,,,
ANAB787,000189.png,1,1539.9,167.162,1039.67,165.129
ANAB787,000190.png,1,1528.09,191.196,1015.95,187.777
ANAB787,000191.png,1,1526.75,213.667,991.241,174.475
ANAB787,000192.png,0,,,,
ANAB787,000193.png,1,1536.57,233.098,979.459,191.378
ANAB787,000194.png,1,1552.42,261.465,976.111,213.322
ANAB787,000195.png,1,1573.35,316.079,968.776,272.675
ANAB787,000196.png,1,1601.07,279.859,953.127,250.906
ANAB787,000197.png,1,1603.37,285.474,951.223,238.311
ANAB787,000198.png,0,,,,
ANAB787,000199.png,0,,,,
ANAB787,000200.png,0,,,,
ANAB787,000201.png,1,1535.62,368.502,786.961,432.034
ANAB787,000202.png,0,,,,
ANAB787,000203.png,0,,,,
ANAB787,000204.png,1,1561.5,333.585,747.642,406.026
ANAB787,000205.png,1,1568.36,367.229,729.817,350.054
ANAB787,000206.png,1,1572.69,289.61,709.593,237.268
ANAB787,000207.png,1,1604.32,327.484,709.701,258.944
ANAB787,000208.png,1,1619.15,332.09,709.953,326.163
ANAB787,000209.png,1,1604.89,465.579,696.094,262.919
ANAB787,000210.png,1,1618.76,376.736,709.602,311.994
ANAB787,000211.png,1,1607.53,441.976,708.423,351.146
ANAB787,000212.png,1,1583.83,306.272,718.598,345.728
ANAB787,000213.png,1,1617.61,213.435,743.521,379.872
ANAB787,000214.png,1,1570.76,473.084,713.621,329.262
ANAB787,000215.png,1,756.254,408.098,1592.1,336.318
ANAB787,000216.png,1,1591.26,429.694,718.652,311.859
ANAB787,000217.png,1,1641.56,243.83,733.212,313.028
ANAB787,000218.png,1,1623.62,403.904,734.911,420.598
ANAB787,000219.png,1,1629.35,333.119,717.549,339.222
ANAB787,000220.png,1,1637,361.234,711.932,291.57
ANAB787,000221.png,1,1622.67,183.904,675.851,231.34
ANAB787,000222.png,1,1631.92,401.246,701.992,305.467
ANAB787,000223.png,1,1621,495.979,703.033,283.482
ANAB787,000224.png,1,1634.73,380.467,710.038,382.623
ANAB787,000225.png,1,1630.72,406.387,678.206,264.538
ANAB787,000226.png,1,1633.84,388.198,708.081,314.359
ANAB787,000227.png,1,733.751,396.543,1627.57,412.717
ANAB787,000228.png,1,1644.53,346.766,697.623,285.257
ANAB787,000229.png,1,1642.49,360.658,702.597,284.445
B787,000125.png,0,,,,
B787,000126.png,0,,,,
B787,000127.png,0,,,,
B787,000128.png,0,,,,
B787,000129.png,0,,,,
B787,000130.png,1,1316.12,143.75,936.472,205.626
B787,000131.png,1,1767.38,144.356,1250.67,165.224
B787,000132.png,1,1730.13,142.317,1187.08,168.275
B787,000133.png,0,,,,
B787,000134.png,1,1632.67,197.264,1035.87,190.494
B787,000135.png,1,956.34,212.101,1579.41,212.892
B787,000136.png,1,1560.28,212.07,933.661,195.345
B787,000137.png,1,1473.07,227.223,843.974,192.779
B787,000138.png,1,1481.74,211.178,853.982,195.75
B787,000139.png,1,1476.9,224.05,851.455,167.348
B787,000140.png,1,1473.98,234.524,854.681,220.284
B787,000141.png,1,1473.74,228.426,833.32,222.701
B787,000142.png,0,,,,
B787,000143.png,1,1482.54,267.961,774.003,265.842
B787,000144.png,1,1487.8,266.782,770.573,308.185
B787,000145.png,1,1485.26,329.756,765.062,284.732
B787,000146.png,1,1510.89,298.804,761.333,318.394
B787,000147.png,1,1526.01,408.181,745.898,334.959
B787,000148.png,1,1579.08,434.035,738.019,355.981
B787,000149.png,1,1533.93,324.771,696.099,366.291
B787,000150.png,1,1512.05,445.345,692.071,413.431
B787,000151.png,1,647.805,249.584,1535.86,364.367
B787,000152.png,1,1521.14,504.456,648.748,304.567
B787,000153.png,1,1568.53,346.179,654.125,329.125
B787,000154.png,0,,,,
B787,000155.png,1,635.907,230.409,1555.09,353.858
B787,000156.png,1,635.364,250.866,1549.02,388.028
B787,000157.png,0,,,,
B787,000158.png,0,,,,
B787,000159.png,0,,,,
B787,000160.png,0,,,,
B787,000161.png,0,,,,
B787,000162.png,1,639.339,276.564,1541.14,418.417
B787,000163.png,0,,,,
B787,000164.png,0,,,,
B787,000165.png,1,1574.26,418.017,666.195,342.009
B787,000166.png,0,,,,
B787,000167.png,0,,,,
B787,000168.png,1,1640.56,355.427,695.874,382.363
B787,000169.png,1,662.844,285.746,1629.64,389.391
B787,000170.png,0,,,,
B787,000171.png,1,677.911,358.877,1648.91,448.814
B787,000172.png,1,674.168,363.117,1654.34,393.832
B787,000173.png,1,670.371,343.825,1656.17,372.219
B787,000174.png,1,1645.2,450.47,677.827,336.3
B787,000175.png,1,1662.97,327.218,685.918,361.528
B787,000176.png,1,673.124,353.095,1656.09,363.877
B787,000177.png,1,671.531,346.03,1654.37,388.872
MASB737,000184.png,0,,,,
MASB737,000185.png,1,1288.91,184.359,975.029,171.849
MASB737,000186.png,1,1283.56,207.725,967.523,163.79
MASB737,000187.png,1,1284.24,203.025,966.64,155.6
MASB737,000188.png,1,1295.96,188.827,973.642,188.656
MASB737,000189.png,1,1313.02,214.487,973.477,181.313
MASB737,000190.png,1,1334.57,192.105,978.086,203.641
MASB737,000191.png,1,1302.6,252.465,933.037,237.15
MASB737,000192.png,1,1290.49,236.905,895.435,254.414
MASB737,000193.png,1,1292.27,264.548,872.611,257.155
MASB737,000194.png,1,1259.87,345.74,816.076,298.495
MASB737,000195.png,1,1240.96,281.672,802.818,315.311
MASB737,000196.png,1,1249.09,284.651,799.232,275.601
MASB737,000197.png,1,1261.31,271.195,801.821,275.597
MASB737,000198.png,1,1273.49,416.094,787.43,235.702
MASB737,000199.png,1,1286.84,328.002,786.563,218.497
MASB737,000200.png,1,1308.91,403.456,789.596,229.965
MASB737,000201.png,0,,,,
MASB737,000202.png,0,,,,
MASB737,000203.png,0,,,,
MASB737,000204.png,1,1314.25,443.11,741.13,290.916
MASB737,000205.png,0,,,,
MASB737,000206.png,0,,,,
MASB737,000207.png,0,,,,
MASB737,000208.png,0,,,,
MASB737,000209.png,0,,,,
MASB737,000210.png,0,,,,
MASB737,000211.png,0,,,,
MASB737,000212.png,1,1258.71,463.427,658.311,275.253
MASB737,000213.png,0,,,,
MASB737,000214.png,0,,,,
MASB737,000215.png,0,,,,
MASB737,000216.png,0,,,,
MASB737,000217.png,0,,,,
MASB737,000218.png,0,,,,
MASB737,000219.png,0,,,,
MASB737,000220.png,0,,,,
MASB737,000221.png,0,,,,
MASB737,000222.png,0,,,,
MASB737,000223.png,0,,,,
MASB737,000224.png,0,,,,
MASB737,000225.png,0,,,,
MASB737,000226.png,0,,,,
MASB737,000227.png,0,,,,
MASB737,000228.png,0,,,,
MASB737,000229.png,0,,,,
MASB737,000230.png,0,,,,
MASB737,000231.png,0,,,,
MASB737,000232.png,0,,,,
MASB737,000233.png,0,,,,
MASB737,000234.png,0,,,,
MASB737,000235.png,0,,,,
MASB737,000236.png,0,,,,
MASB737,000237.png,1,1865.77,341.282,649.165,339.86
MASB737,000238.png,0,,,,
MASB737,000239.png,1,1866.61,394.846,652.958,363.166
MASB737,000240.png,1,1860.53,421.564,648.115,339.789
MASB737,000241.png,1,1860.71,365.403,640.79,283.867
MASB737,000242.png,0,,,,
ScootB787,000165.png,1,1527.9,252.325,225.267,178.317
ScootB787,000166.png,1,1461.8,242.444,148.27,190.853
ScootB787,000167.png,1,1858.6,382.879,1386.49,257.107
ScootB787,000168.png,1,1828.93,238.331,1325.68,213.803
ScootB787,000169.png,1,1796.81,291.707,1229.21,322.164
ScootB787,000170.png,1,1735.53,342.718,1142.34,368.607
ScootB787,000171.png,1,1682.04,270.658,1051.04,332.932
ScootB787,000172.png,1,1648.41,335.621,978.459,331.618
ScootB787,000173.png,1,1662.05,350.282,992.908,324.929
ScootB787,000174.png,1,1664.18,341.411,994.176,329.46
ScootB787,000175.png,1,1651.92,331.484,962.662,333.246
ScootB787,000176.png,1,1634.49,345.004,920.246,347.866
ScootB787,000177.png,0,,,,
ScootB787,000178.png,1,81.6307,200.063,882.233,390.609
ScootB787,000179.png,1,66.9611,236.52,856.396,377.637
ScootB787,000180.png,1,826.357,480.83,1662.55,329.264
ScootB787,000181.png,1,1694.77,347.863,860.298,373.096
ScootB787,000182.png,1,860.043,495.845,1690.8,308.828
ScootB787,000183.png,1,1693.27,331.177,855.759,407.94
ScootB787,000184.png,1,1682.34,321.068,855.723,393.283
ScootB787,000185.png,1,1691.32,283.122,824.902,385.769
ScootB787,000186.png,1,1667.17,377.267,800.712,401.086
ScootB787,000187.png,1,1650.04,380.808,789.144,398.545
ScootB787,000188.png,1,821.879,385.341,172.987,217.537
ScootB787,000189.png,1,1670.08,303.822,844.643,522.385
ScootB787,000190.png,1,1663.13,371.928,829.061,387.104
ScootB787,000191.png,1,1676.14,317.913,810.375,483.059
ScootB787,000192.png,1,1677.56,349.376,775.723,345.709
ScootB787,000193.png,1,1671.72,362.687,777.387,374.446
ScootB787,000194.png,1,723.43,210.695,1679.78,339.922
ScootB787,000195.png,1,761.977,362.725,112.942,264.957
ScootB787,000196.png,1,1665.03,338.013,767.237,397.424
ScootB787,000197.png,1,760.542,360.662,107.837,256.489
ScootB787,000198.png,1,773.638,447.102,114.404,255.772
ScootB787,000199.png,1,1660.05,361.964,777.963,461.06
ScootB787,000200.png,1,1662.38,369.188,768.696,433.766
ScootB787,000201.png,1,1673.96,366.979,766.857,393.39
ScootB787,000202.png,1,1641.88,464.63,773.908,485.676
ScootB787,000203.png,1,1650.02,387.282,775.298,535.506
ScootB787,000204.png,1,1677.68,319.332,767.195,402.7
ScootB787,000205.png,1,1670.12,322.287,741.118,292.757
ScootB787,000206.png,1,1674.73,294.045,757.457,385.125
ScootB787,000207.png,1,1668.62,323.76,758.292,387.018
ScootB787,000208.png,1,759.116,407.187,101.086,242.836
ScootB787,000209.png,1,1664.48,350.732,756.369,381.188
ScootB787,000210.png,1,1668.94,301.504,758.019,398.251
ScootB787,000211.png,1,105.259,276.337,758.656,395.722
ScootB787PBB,000164-2.png,0,,,,
ScootB787PBB,000165.png,1,1786.51,186.848,1304.92,188.268
ScootB787PBB,000166.png,1,1727.94,208.019,1210.07,214.997
ScootB787PBB,000167.png,1,1713.11,187.752,1163.85,199.036
ScootB787PBB,000168-2.png,1,1701.34,165.127,1155.49,193.826
ScootB787PBB,000169.png,1,1698.34,171.758,1147.23,158.973
ScootB787PBB,000170.png,1,1694.71,198.63,1117.72,226.804
ScootB787PBB,000171.png,1,1684.82,187.868,1110.29,184.422
ScootB787PBB,000172-2.png,1,1109.29,206.169,1692.08,198.978
ScootB787PBB,000173.png,1,1685.81,215.043,1093.09,192.64
ScootB787PBB,000174.png,1,1694.85,212.392,1061.79,241.649
ScootB787PBB,000175.png,1,1694.46,241.193,1017.02,228.117
ScootB787PBB,000176-2.png,1,1696.05,285.349,970.934,253.719
ScootB787PBB,000177.png,1,1697.74,268.444,947.461,252.342
ScootB787PBB,000178.png,1,1705.98,275.452,944.514,265.581
ScootB787PBB,000179.png,1,1707.85,249.345,942.383,289.689
ScootB787PBB,000180-2.png,1,1689.96,285.897,939.75,305.437
ScootB787PBB,000181.png,1,1698.7,256.272,940.989,277.977
ScootB787PBB,000182.png,1,1743.55,251.945,989.767,288.617
ScootB787PBB,000183-2.png,1,1733.48,323.974,999.092,293.651
ScootB787PBB,000184.png,1,1733.5,328.049,1002.23,301.654
ScootB787PBB,000185.png,1,1740.33,291.373,1005.39,311.172
ScootB787PBB,000186-2.png,1,1742.38,293.605,1008.57,306.649
ScootB787PBB,000187.png,1,1734.47,311.199,1009.55,305.73
ScootB787PBB,000188.png,1,1737.12,295.957,1013.02,322.633
ScootB787PBB,000189-2.png,1,1737.14,307.726,1016.53,329.383
ScootB787PBB,000190.png,1,1734.13,319.701,1020.05,327.1
ScootB787PBB,000191.png,1,1731.67,340.982,1022.53,331.145
ScootB787PBB,000192.png,1,1732.36,322.708,1026.67,338.499
ScootB787PBB,000193.png,1,1728.56,320.509,1030.75,370.902
ScootB787PBB,000194.png,1,1726.62,354.596,1031.73,342.417
ScootB787PBB,000195.png,1,1715.38,346.711,1008.21,358.831
ScootB787PBB,000196.png,1,1689.61,354.034,959.865,337.182
ScootB787PBB,000197.png,1,1666.11,352.792,905.892,399.419
ScootB787PBB,000198.png,1,1638.05,345.957,856.148,358.438
ScootB787PBB,000199.png,1,1605.43,369.879,776.704,314.178
ScootB787PBB,000200.png,1,1572.8,408.178,725.148,313.706
ScootB787PBB,000201.png,1,1591.11,345.824,764.703,365.978
ScootB787PBB,000202.png,1,1580.83,381.099,735.752,326.013
ScootB787PBB,000203.png,1,1587.37,335.4,730.69,326.702
ScootB787PBB,000204.png,1,1559.91,386.924,701.562,314.151
ScootB787PBB,000205.png,1,1571.82,335.611,695.356,332.453
ScootB787PBB,000206.png,1,1568.85,375.804,698.448,291.033
ScootB787PBB,000207.png,1,1549.68,381.487,658.898,296.677
ScootB787PBB,000208.png,1,1531.83,421.122,627.317,300.476
ScootB787PBB,000209.png,1,1534.07,393.02,607.466,277.898
ScootB787PBB,000210.png,1,1544.62,346.144,638.77,309.429
ScootB787PBB,000211.png,1,1526.75,485.353,648.541,328.245
ScootB787PBB,000212.png,1,1580.06,432.422,691.835,376.283
ScootB787PBB,000213.png,1,1572.02,450.818,688.006,332.231
ScootB787PBB,000214.png,1,1583.88,339.736,686.347,367.486
ScootB787PBB,000215.png,1,1582.74,361.243,686.406,358.568
ScootB787PBB,000216.png,1,1609.78,358.157,712.096,367.365
ScootB787PBB,000217.png,1,1599.68,392.762,702.745,342.524
ScootB787PBB,000218.png,1,1580.95,481.026,687.476,326.77
ScootB787PBB,000219.png,1,1596.02,345.355,684.26,362.178
ScootB787PBB,000220.png,1,1594.2,377.429,690.719,369.269
ScootB787PBB,000221.png,1,1591.32,413.721,692.654,426.536
ScootB787PBB,000222.png,1,79.0575,259.228,680.325,330.42
ScootB787PBB,000223.png,1,1587.57,414.467,681.02,345.866
ScootB787PBB,000224.png,1,1600.26,320.433,678.319,323.373
ScootB787PBB,000225.png,1,1599.52,327.412,678.437,333.024
ScootB787PBB,000226.png,1,1598.61,164.984,669.64,275.984
ScootB787PBB,000227-2.png,1,1593.29,369.489,678.28,333.622
ScootB787PBB,000228.png,1,1593.51,360.409,679.231,338.773
SilkAirB737,000104.png,1,1412.94,250.095,928.735,276.52
SilkAirB737,000105.png,1,1406.24,247.021,923.007,300.586
SilkAirB737,000106.png,1,1423.01,277.38,918.125,296.831
SilkAirB737,000107.png,1,1426.96,307.044,915.283,309.45
SilkAirB737,000108.png,1,1420.8,332.967,909.923,299.406
SilkAirB737,000109.png,1,1421.01,287.607,903.992,299.598
SilkAirB737,000110.png,1,1422.42,264.96,896.427,285.906
SilkAirB737,000111.png,1,1426.27,296.713,886.338,305.262
SilkAirB737,000112.png,1,1425.16,335.857,854.18,337.381
SilkAirB737,000113.png,1,1423.35,322.827,823.533,349.307
SilkAirB737,000114.png,1,1425.15,316.554,815.813,354.35
SilkAirB737,000115.png,1,1375.75,318.61,758.28,270.824
SilkAirB737,000116.png,1,1378.31,352.256,763.166,302.78
SilkAirB737,000117.png,1,1385.69,355.159,758.101,321.036
SilkAirB737,000118.png,1,1383.62,329.164,755.094,305.17
SilkAirB737,000119.png,1,1376.99,330.564,754.337,350.006
SilkAirB737,000120.png,1,1396.2,339.021,745.341,297.53
SilkAirB737,000121.png,1,1406.05,388.557,732.92,325.999
SilkAirB737,000122.png,1,1414.72,418.011,719.48,340.243
SilkAirB737,000123.png,1,1430.8,361.445,704.858,334.893
SilkAirB737,000124.png,1,1421.96,416.079,692.825,244.088
SilkAirB737,000125.png,1,1440.62,258.396,702.662,330.497
SilkAirB737,000126.png,1,1432.12,396.471,703.534,334.95
SilkAirB737,000127.png,1,1430.2,415.918,706.005,346.133
SilkAirB737,000128.png,1,1430.77,388.15,706.199,349.593
SilkAirB737,000129.png,1,1431.78,406.178,702.814,324.336
SilkAirB737,000130.png,1,1432.66,380.628,707.202,356.002
SilkAirB737,000131.png,1,1421.15,522.682,703.27,329.23
SilkAirB737,000132.png,1,1435.32,358.387,698.71,294.708
SilkAirB737,000133.png,1,1423.21,525.242,713.646,439.113
SilkAirB737,000134.png,1,1431.17,387.121,705.163,409.562
SilkAirB737,000135.png,1,1437.43,341.129,708.416,362.136
SilkAirB737,000136.png,1,1428.04,465.032,705.471,342.262
SilkAirB737,000137.png,1,1437.47,345.923,703.749,330.278
SilkAirB737,000138.png,1,1430.82,391.581,704.245,332.897
SilkAirB737,000139.png,1,1434.17,333.965,706.38,412.198
SQB772,000125-1.png,1,1874.2,244.465,1453.13,246.315
SQB772,000126-1.png,1,1838.32,282.014,1398.14,269.502
SQB772,000127.png,1,1802.92,277.044,1333.06,291.558
SQB772,000128.png,1,1259.96,283.022,1759.46,266.829
SQB772,000129-1.png,1,1721.68,220.223,1180.74,275.251
SQB772,000130.png,1,1668.89,249.768,1101.03,279.677
SQB772,000131.png,1,1611.62,255.457,1014.51,295.504
SQB772,000132-1.png,1,1558.64,279.36,942.04,313.032
SQB772,000133.png,1,1516.13,309.761,886.104,298.448
SQB772,000134-1.png,0,,,,
SQB772,000135.png,1,1431.69,335.423,774.071,343.193
SQB772,000136-1.png,1,1386.77,332.074,714.66,317.786
SQB772,000137.png,1,1411.16,304.752,734.393,317.336
SQB772,000138-1.png,1,1402.37,290.507,723.69,315.025
SQB772,000139.png,1,1397.94,300.731,724.717,344.232
SQB772,000140.png,1,1402.08,296.506,724.014,323.618
SQB772,000141.png,1,1400.06,296.147,720.437,311.394
SQB772,000142.png,1,1399.32,292.575,723.79,359.577
SQB772,000143.png,1,723.256,349.122,1394.1,341.584
SQB772,000144.png,1,1396.45,325.501,724.283,342.527
SQB772,000145.png,1,1396.84,332.134,723.186,326.483
SQB772,000146.png,1,722.521,351.624,1399.04,302.448
SQB772,000147.png,1,720.47,433.555,1409.72,343.384
SQB772,000148-1.png,1,1396.45,330.387,708.763,426.039
SQB772,000149.png,1,1397.47,368.859,704.01,343.585
SQB772,000150.png,1,1399.24,370.401,703.966,350.953
SQB772,000151.png,1,1405.59,314.412,701.19,334.39
SQB772,000152.png,1,1399.99,321.468,676.023,375.26
SQB772,000153.png,1,1500.34,242.498,691.709,288.374
SQB772,000154.png,1,1510.28,324.588,702.449,325.047
SQB772,000155.png,1,1588.49,333.502,746.786,409.685
SQB772,000156.png,1,1631.29,348.602,758.1,376.539
SQB772,000157.png,1,1639.53,279.079,779.782,554.561
SQB772,000158-1.png,1,1658.94,299.134,761.867,333.018
SQB772,000159.png,1,1634.89,331.832,761.033,418.543
SQB772,000160.png,1,1641.72,298.273,759.143,385.166
SQB772,000161.png,1,1634.04,269.922,766.113,421.241
SQB772,000162.png,1,1613.32,290.802,753.761,361.747
SQB772,000163.png,1,1615.12,274.02,761.296,442.151
SQB772,000164.png,1,760.234,384.792,1644.52,317.59
SQB772,000165.png,1,1623.6,290.99,769.634,517.247
SQB772,000166.png,1,1649.43,311.676,753.315,370.918
SQB772,000167.png,1,1642.02,339.185,770.342,529.863
SQB772,000168-1.png,1,1647.31,293.719,727.139,359.354
SQB772,000169.png,1,1620.44,294.243,757.358,346.935
SQB772,000170.png,1,1564.64,327.849,752.479,311.974
SQB772,000171.png,1,1585.92,256.35,783.797,465.971
SQB772,000172.png,1,1590.75,276.204,740.42,191.971
SQB772,000173.png,1,773.5,461.435,1570.84,307.464
SQB772,000174.png,1,1577.14,358.769,736.902,351.508
SQB772,000175.png,1,1613.92,172.969,745.94,461.253
SQB772,000176.png,1,769.779,524.715,1612.11,287.087
SQB772,000177.png,1,1605.61,309.561,744.094,359.768
SQB772,000178-1.png,0,,,,
SQB772,000179.png,1,1614.17,300.555,719.564,365.526
SQB772,000180.png,1,1638.35,298.967,732.307,320.605
SQB772,000181.png,1,743.081,416.592,1637.54,301.923
SQB772,000182.png,1,736.315,384.135,1632.82,311.424
SQB772,000183.png,1,1633.51,304.082,734.323,407.247
SQB772,000184.png,1,1635.04,319.266,740.756,405.112
SQB772,000185.png,1,1635.91,303.108,736.422,363.681
SQB772,000186.png,1,1631.55,322.54,737.423,389.74
SQB772,000187.png,1,1625.52,332.35,737.506,424.431
SQB772,000188.png,1,1632.83,318.033,746.744,480.23
SQB772Rain,000141.png,0,,,,
SQB772Rain,000142.png,1,1852.36,265.681,1406.64,295.242
SQB772Rain,000143.png,1,1820.6,263.533,1354.59,279.589
SQB772Rain,000144.png,1,1801.01,192.211,1300.61,287.301
SQB772Rain,000145.png,1,1761.99,199.987,1237.35,301.027
SQB772Rain,000146.png,1,1713.63,232.56,1163.17,305.653
SQB772Rain,000147.png,1,1655.83,279.271,1079.07,295.79
SQB772Rain,000148.png,1,1594.7,314.405,991.361,302.224
SQB772Rain,000149.png,1,1539.93,305.607,899.79,316.347
SQB772Rain,000150.png,1,1541.61,320.788,906.41,312.773
SQB772Rain,000151.png,1,915.38,354.227,1555.89,283.357
SQB772Rain,000152.png,1,900.741,317.937,1527.2,353.269
SQB772Rain,000153.png,1,1531.92,292.355,888.78,288.567
SQB772Rain,000154.png,1,1522.97,314.528,888.887,331.906
SQB772Rain,000155.png,1,1526.78,286.416,889.462,360.319
SQB772Rain,000156.png,1,1521.41,331,880.932,291.571
SQB772Rain,000157.png,1,1525.74,305.601,880.917,315.068
SQB772Rain,000158.png,1,1533.06,315.779,860.973,330.597
SQB772Rain,000159.png,1,1531.96,330.906,856.643,349.688
SQB772Rain,000160.png,1,1534.61,343.427,861.503,361.642
SQB772Rain,000161.png,1,1533.35,336.928,856.168,357.702
SQB772Rain,000162.png,1,1548.2,348.168,846.052,370.215
SQB772Rain,000163.png,1,1597.03,299.559,815.618,344.781
SQB772Rain,000164.png,1,1588.06,327.714,786.249,366.849
SQB772Rain,000165.png,1,1628.46,335.61,781.462,375.08
SQB772Rain,000166.png,1,1654.32,342.781,773.166,400.408
SQB772Rain,000167.png,1,1633.03,352.184,745.531,362.692
SQB772Rain,000168.png,1,764.088,452.345,1649.49,348.283
SQB772Rain,000169.png,1,1641.78,341.448,760.197,417.799
SQB772Rain,000170.png,1,1650.64,298.015,751.324,322.139
SQB772Rain,000171.png,1,1667.77,297.212,776.63,386.818
SQB772Rain,000172.png,1,1648.63,323.115,772.614,466.415
SQB772Rain,000173.png,1,1639.21,354.367,752.188,284.657
SQB772Rain,000174.png,1,1636.47,389.374,762.462,395.381
SQB772Rain,000175.png,0,,,,
SQB772Rain,000176.png,1,1645.06,350.204,766.212,464.448
SQB772Rain,000177.png,1,1644.58,365.691,754.583,352.328
SQB772Rain,000178.png,0,,,,
SQB772Rain,000179.png,1,1648.25,341.729,760.222,379.294
SQB772Rain,000180.png,1,1650.56,328.771,756.778,365.303
SQB772Rain,000181.png,1,1646.9,332.146,1277.76,231.287
SQB772Rain,000182.png,1,1649.33,342.686,752.482,339.651
TigerAirA320,000140.png,1,1439.18,262.019,981.154,271.227
TigerAirA320,000141.png,1,1443.97,264.308,986.42,273.569
TigerAirA320,000142.png,1,1450.85,255.935,990.639,259.248
TigerAirA320,000143.png,1,1441.42,272.867,982.489,253.624
TigerAirA320,000144.png,1,1422.75,293.779,954.568,280.797
TigerAirA320,000145.png,1,1420.62,266.965,918.42,310.752
TigerAirA320,000146.png,1,1399.46,335.425,875.431,328.242
TigerAirA320,000147.png,1,1382.79,344.657,822.71,323.171
TigerAirA320,000148.png,1,1373.15,325.484,783.186,362.395
TigerAirA320,000149.png,1,1367.61,355.395,776.592,321.483
TigerAirA320,000150.png,1,1388.74,381.021,802.859,360.418
TigerAirA320,000151.png,1,1392.97,343.318,791.345,288.698
TigerAirA320,000152.png,1,1388.5,385.301,771.03,316.372
TigerAirA320,000153.png,1,1387.57,370.188,746.374,307.814
TigerAirA320,000154.png,1,1389.13,372.41,741.04,341.871
TigerAirA320,000155.png,1,1394.57,367.569,747.239,350.109
TigerAirA320,000156.png,1,1355.66,440.822,713.56,341.551
TigerAirA320,000157.png,1,1338.99,476.337,702.078,324.147
TigerAirA320,000158.png,1,1328.15,513.649,690.531,334.658
TigerAirA320,000159.png,1,1334.45,407.064,688.626,327.988
TigerAirA320,000160.png,1,1359.76,380.151,708.65,329.025
TigerAirA320,000161.png,1,1358.18,409.086,715.37,356.125
TigerAirA320,000162.png,1,1353.16,174.267,709.599,299.741
TigerAirA320,000163.png,1,1382.05,386.459,713.892,361.859
TigerAirA320,000164.png,1,1368.08,410.446,703.859,325.492
TigerAirA320,000165.png,1,1363.63,409.052,702.214,336.084
TigerAirA320,000166.png,1,1357.14,543.454,704.523,319.265
TigerAirA320,000167.png,1,1368.63,431.406,708.401,339.449
TigerAirA320,000168.png,1,1370.88,509.353,694.274,335.879
TigerAirA320,000169.png,1,1367.19,400.09,687.079,332.905
TigerAirA320,000170.png,1,1358.24,401.94,679.467,349.473
TigerAirA320,000171.png,1,1369.4,397.544,688.249,344.195
TigerAirA320,000172.png,1,1364.03,417.794,685.564,342.293
TigerAirA320,000173.png,1,1362.31,408.032,679.27,330.001
TigerAirA320,000174.png,1,1359.83,450.144,682.215,349.433
TigerAirA320,000175.png,1,1370.9,417.102,685.217,353.557
TigerAirA320,000176.png,1,1359.77,548.97,685.457,362.523
TigerAirA320,000177.png,1,1359.69,436.751,676.579,331.163
TigerAirA320,000178.png,1,1374.81,412.444,689.99,356.455
TigerAirA320,000179.png,1,1377.68,417.765,691.51,342.771
TigerAirA320,000180.png,1,1378.34,415.957,690.987,344.431
TigerAirA320,000181.png,1,1375.89,418.535,689.818,343.697
TigerAirA320,000182.png,1,1373.56,430.568,687.583,339.624
TigerAirA320,000183.png,1,1370.08,443.754,687.573,351.149
TigerAirA320,000184.png,1,1372.16,493.772,685.745,341.17
TigerAirA320,000185.png,1,1380.97,381.276,685.144,339.733
TigerAirA320,000186.png,1,1374.84,421.027,683.121,346.158
TigerAirA320,000187.png,1,1374.74,427.54,682.117,349.058
TigerAirA320,000188.png,1,1365.17,395.842,666.889,306.219
TigerAirA320,000189.png,1,1365.41,435.096,672.039,329.434
TigerAirA320,000190.png,1,1364.53,415.591,666.043,315.992
TigerAirA320,000191.png,1,1362.22,433.743,668.361,369.655
TigerAirA320,000192.png,1,1365.66,432.769,666.614,346.366
TigerAirA320,000193.png,1,1368.6,402.588,670.076,352.97
TigerAirA320,000194.png,1,1368.29,406.504,667.789,335.625
TigerAirA320,000195.png,1,1363.95,414.167,665.551,349.224
TigerAirA320,000196.png,1,1362.77,443.004,660.212,306.07
TigerAirA320,000197.png,1,1367.76,418.94,665.473,371.568
TigerAirA320,000198.png,1,1366.9,424.527,664.306,340.639
TigerAirA320,000199.png,1,1366.67,431.566,661.814,314.846
TigerAirA320,000200.png,1,1366.89,424.849,667.177,368.889
TigerAirA320,000201.png,1,1363.41,470.549,663.05,352.386
TigerAirA320,000202.png,1,1358.65,557.474,666.618,380.598
TigerAirA320,000203.png,1,1367.99,415.376,667.249,367.09
TigerAirA320,000204.png,1,666.722,415.9,1368.14,425.326
TigerAirA320,000205.png,1,1367.73,422.087,662.847,359.394
TigerAirA320,000206.png,1,1366.55,423.626,665.313,368.305
TigerAirA320,000207.png,1,1368.31,417.055,664.504,384.154
TigerAirA320,000208.png,1,1367.81,415.118,664.567,351.206
TigerAirA320,000209.png,1,1366.48,438.563,661.508,331.844
TigerAirA320,000210.png,1,667.671,385.7,1364.36,446.215
TigerAirA320,000211.png,1,1368.47,418.937,663.876,356.977
TigerAirA320,000212.png,1,1365.87,435.071,665.533,363.467
TigerAirA320,000213.png,1,1371.87,468.954,667.393,377.007
TigerAirA320Rain,000120.png,1,1240.03,232.591,817.229,262.029
TigerAirA320Rain,000121.png,1,1188.09,244.731,768.833,261.6
TigerAirA320Rain,000122.png,1,1180.38,229.03,762.605,257.605
TigerAirA320Rain,000123.png,1,1182.78,239.847,764.998,251.805
TigerAirA320Rain,000124.png,1,1195.46,249.798,771.803,278.2
TigerAirA320Rain,000125.png,1,1220.47,269.521,772.162,271.419
TigerAirA320Rain,000126.png,1,1261.03,263.53,782.614,287.892
TigerAirA320Rain,000127.png,1,1304.39,321.014,800.216,336.841
TigerAirA320Rain,000128.png,1,1349.71,358.42,807.446,337.293
TigerAirA320Rain,000129.png,0,,,,
TigerAirA320Rain,000130.png,1,1407.56,386.187,818.825,405.18
TigerAirA320Rain,000131.png,1,1432.84,412.699,827.3,377.505
TigerAirA320Rain,000132.png,1,1434.7,365.966,819.643,355.666
TigerAirA320Rain,000133.png,1,1371.99,384.815,765.036,373.914
TigerAirA320Rain,000134.png,1,1379,359.264,759.002,302.748
TigerAirA320Rain,000135.png,1,1382.62,369.081,767.483,334.573
TigerAirA320Rain,000136.png,1,1375.17,371.24,766.269,398.779
TigerAirA320Rain,000137.png,1,1395.51,374.255,754.62,364.603
TigerAirA320Rain,000138.png,1,1404.8,430.626,745.395,377.524
TigerAirA320Rain,000139.png,1,1399.02,473.232,738.836,369.931
TigerAirA320Rain,000140.png,1,1408.48,395.365,739.36,388.502
TigerAirA320Rain,000141.png,1,1414.91,395.381,741.46,359.62
TigerAirA320Rain,000142.png,1,1412.28,383.091,731.088,353.109
TigerAirA320Rain,000143.png,1,1423.13,484.972,726.234,361.443
TigerAirA320Rain,000144.png,1,1427.63,389.851,728.427,378.008
TigerAirA320Rain,000145.png,1,1426.49,393.511,728.583,395.894
TigerAirA320Rain,000146.png,1,1423.54,443.196,728.023,352.554
TigerAirA320Rain,000147.png,1,1420.6,403.388,728.412,369.556
TigerAirA320Rain,000148.png,1,1415.59,427.344,728.992,376.024
TigerAirA320Rain,000149.png,1,1424.45,358.669,733.443,464.799
TigerAirA320Rain,000150.png,1,1425.98,412.517,721.806,358.614
TigerAirA320Rain,000151.png,1,1424.51,393.858,714.374,310.759
TigerAirA320Rain,000152.png,1,1422.82,421.882,722.3,374.295
TigerAirA320Rain,000153.png,1,1434.17,317.27,720.005,386.818
TigerAirA320Rain,000154.png,1,1425.69,391.865,721.2,366.793
TigerAirA320Rain,000155.png,1,1426.73,382.505,721.495,363.13
TigerAirA320Rain,000156.png,1,1422.69,424.091,709.523,246.569
TigerAirA320Rain,000157.png,1,1426.62,395.449,711.959,280.549
